name,id,time,lon,lat,alt,Temp.max,Temp.min,Hum.max,Hum.min,Pres.max,Pres.min,Vient.max,Precip.diaria,Temp.act,Hum.act,Vient.dir,Vient.act,Precip.total,source
Barcelona - Barri Gòtic (Barcelona),ESCAT0800000008002A,2026-09-08,2.18,41.38,31.0,33.1,25.0,83.0,53.0,1017.3,1008.9,24.0,0.0,28.9,72.0,124.0,1.0,0.0,xml_feed
Barcelona - Poblenou (Barcelona),ESCAT0800000008005A,2026-09-08,2.21,41.41,25.0,32.2,23.1,89.0,60.0,1019.0,1010.0,18.0,0.0,28.7,75.0,251.0,1.0,0.0,xml_feed
Barcelona - La Pedrera (Barcelona),ESCAT0800000008008A,2026-09-08,2.18,41.4,45.0,31.8,25.4,84.0,53.0,1019.1,1010.0,33.0,0.0,29.0,66.0,164.0,0.0,0.0,xml_feed
Barcelona - Psg Sant Joan (Barcelona),ESCAT0800000008009B,2026-09-08,2.17,41.4,29.0,32.4,24.6,81.0,51.0,1021.7,1013.3,26.0,0.0,28.9,66.0,123.0,1.0,0.0,xml_feed
Barcelona-Eixample Esq. (Barcelona),ESCAT0800000008011B,2026-09-08,-41.64,21.97,,33.1,25.4,84.0,52.0,1019.1,1010.5,26.0,0.0,28.9,67.0,208.0,1.0,0.0,xml_feed
Barcelona - Gràcia Centre (Barcelona),ESCAT0800000008012A,2026-09-08,2.16,41.4,78.0,30.9,25.4,84.0,53.0,1018.9,1010.6,32.0,0.0,29.2,56.0,30.0,2.0,0.0,xml_feed
Barcelona Sants-Montjuïc  (Barcelona),ESCAT0800000008014B,2026-09-08,2.14,41.38,45.0,32.3,25.0,85.0,52.0,1018.4,1009.6,26.0,0.0,28.6,66.0,196.0,0.0,0.0,xml_feed
Barcelona - Can Bruixa (Barcelona),ESCAT0800000008014C,2026-09-08,2.13,41.38,61.0,31.7,25.7,82.0,47.0,1018.4,1010.2,32.0,0.0,28.8,60.0,281.0,0.0,0.0,xml_feed
BCN Pl. Sants - Pl. Farga (Barcelona),ESCAT0800000008014F,2026-09-08,2.14,41.37,40.0,30.8,24.9,87.0,58.0,1019.2,1010.4,32.0,0.0,28.6,68.0,291.0,2.0,0.0,xml_feed
Barcelona - Hostafrancs (Barcelona),ESCAT0800000008014G,2026-09-08,2.14,41.37,39.0,32.4,25.2,83.0,54.0,1018.9,1010.3,7.0,0.0,29.0,65.0,151.0,1.0,0.0,xml_feed
Barcelona - Sarrià (Barcelona),ESCAT0800000008017B,2026-09-08,2.13,41.4,80.0,33.5,24.5,81.0,38.0,1016.8,1008.5,7.0,0.0,28.1,50.0,303.0,0.0,0.0,xml_feed
Barcelona - Rectoret (Barcelona),ESCAT0800000008017D,2026-09-08,2.1,41.43,320.0,31.3,22.5,90.0,40.0,1019.1,1010.5,19.0,0.0,26.6,47.0,117.0,0.0,0.0,xml_feed
Barcelona - El Clot (Barcelona),ESCAT0800000008018A,2026-09-08,2.19,41.41,,32.4,23.9,81.0,52.0,1019.0,1010.4,32.0,,29.0,65.0,135.0,2.0,,xml_feed
Barcelona - betevé (Barcelona),ESCAT0800000008018D,2026-09-08,2.19,41.4,18.0,32.3,24.3,82.0,50.0,1016.9,1008.3,26.0,0.0,29.0,67.0,163.0,2.0,0.0,xml_feed
Barcelona - Sant Martí (Barcelona),ESCAT0800000008018E,2026-09-08,2.19,41.41,20.0,31.6,23.3,85.0,61.0,1017.1,1008.4,32.0,0.0,29.2,71.0,12.0,0.0,0.0,xml_feed
Barcelona - Tibidabo (Barcelona),ESCAT0800000008023C,2026-09-08,2.12,41.42,512.0,30.1,22.4,88.0,41.0,1020.9,1012.1,42.0,0.2,25.8,59.0,22.0,0.0,0.2,xml_feed
Barcelona - El Coll-Vallcarca (Barcelona),ESCAT0800000008023D,2026-09-08,2.15,41.41,135.0,31.0,22.5,87.0,43.0,1020.8,1012.3,29.0,0.0,26.7,59.0,0.0,0.0,0.0,xml_feed
Barcelona - Sant Gervasi (Barcelona),ESCAT0800000008023I,2026-09-08,2.14,41.41,160.0,30.9,24.2,84.0,39.0,1017.8,1008.8,34.0,0.0,28.3,52.0,272.0,0.0,0.0,xml_feed
Barcelona - Gràcia (Barcelona),ESCAT0800000008024A,2026-09-08,2.16,41.41,105.0,31.4,24.5,88.0,51.0,1018.9,1010.0,44.0,0.0,28.6,64.0,5.0,3.0,0.0,xml_feed
Barcelona-Sagrada Familia (Barcelona),ESCAT0800000008025A,2026-09-08,2.18,41.41,60.0,33.1,24.1,82.0,51.0,1021.9,1012.4,22.0,0.0,28.6,66.0,179.0,1.0,0.0,xml_feed
Barcelona Camp de l'Arpa (Barcelona),ESCAT0800000008026C,2026-09-08,2.18,41.41,34.0,33.7,24.0,73.0,45.0,1021.1,1012.7,20.0,0.0,29.2,60.0,81.0,1.0,0.0,xml_feed
Barcelona-TorGuineu Navas (Barcelona),ESCAT0800000008027C,2026-09-08,2.19,41.42,,32.1,23.4,74.0,46.0,1022.1,1013.7,31.0,,28.7,62.0,133.0,2.0,,xml_feed
Barcelona - Bon Pastor  (Barcelona),ESCAT0800000008030C,2026-09-08,2.21,41.44,18.0,32.7,22.3,82.0,51.0,1018.6,1009.7,17.0,0.0,28.5,75.0,135.0,0.0,0.0,xml_feed
Barcelona - Casa  l'Aigua (Barcelona),ESCAT0800000008030E,2026-09-08,2.19,41.45,70.0,33.3,20.8,85.0,40.0,1018.7,1009.7,,0.0,28.8,61.0,,,0.0,xml_feed
Barcelona - Horta (Barcelona),ESCAT0800000008032A,2026-09-08,2.15,41.43,100.0,33.6,22.5,81.0,40.0,1017.8,1008.6,24.0,0.0,27.9,55.0,157.0,0.0,0.0,xml_feed
Barcelona - Sarrià (Barcelona),ESCAT0800000008034A,2026-09-08,2.12,41.39,,31.5,24.6,84.0,41.0,1017.9,1009.0,,,27.8,61.0,,,,xml_feed
Badalona - Llefià (Barcelona),ESCAT0800000008080A,2026-09-08,2.23,41.44,25.0,31.8,23.3,,,1019.8,1011.2,,0.0,28.2,,,,0.0,xml_feed
Mollet  -  Estació França (Barcelona),ESCAT0800000008100C,2026-09-08,2.22,41.53,65.0,33.8,20.9,74.0,34.0,1021.3,1013.2,27.0,0.0,28.4,48.0,68.0,6.0,0.0,xml_feed
Sant Fost - Mas Llombart (Barcelona),ESCAT0800000008105B,2026-09-08,2.24,41.5,175.0,31.6,18.6,62.0,38.0,1020.5,1011.7,27.0,0.0,25.8,42.0,112.0,0.0,0.0,xml_feed
Sant Fost - Mas Corts (Barcelona),ESCAT0800000008105C,2026-09-08,2.25,41.5,300.0,31.8,22.2,76.0,44.0,1019.4,1010.9,26.0,0.0,27.4,44.0,197.0,0.0,0.0,xml_feed
Santa Perpètua de Mogoda (Barcelona),ESCAT0800000008130A,2026-09-08,2.19,41.52,70.0,35.1,19.6,82.0,42.0,1017.3,1008.5,24.0,0.0,28.3,59.0,134.0,0.0,0.0,xml_feed
Parets del Vallès (Barcelona),ESCAT0800000008150A,2026-09-08,2.22,41.56,123.0,33.7,19.7,77.0,40.0,,,31.0,0.0,27.8,62.0,97.0,10.0,0.0,xml_feed
Montmeló-T.de la Bandera (Barcelona),ESCAT0800000008160A,2026-09-08,2.25,41.56,112.0,35.4,20.2,75.0,40.0,1016.6,1008.4,19.0,0.0,28.2,57.0,103.0,3.0,0.0,xml_feed
Montornés del V. - Lluch (Barcelona),ESCAT0800000008170B,2026-09-08,2.25,41.55,116.0,33.8,19.1,79.0,42.0,1022.5,1013.6,,0.0,27.2,56.0,,,0.0,xml_feed
Collsuspina - Centre (Barcelona),ESCAT0800000008178B,2026-09-08,2.18,41.83,901.0,33.3,15.3,76.0,33.0,1019.4,1011.2,37.0,0.0,23.3,52.0,184.0,5.0,0.0,xml_feed
Moià Alt (Barcelona),ESCAT0800000008180B,2026-09-08,2.1,41.82,824.0,35.2,21.7,71.0,24.0,1023.5,1011.0,16.0,0.8,22.4,52.0,135.0,0.0,0.8,xml_feed
Moià - Oest (Barcelona),ESCAT0800000008180E,2026-09-08,2.09,41.81,735.0,35.2,19.7,87.0,26.0,1022.8,1014.6,16.0,0.2,24.5,48.0,248.0,3.0,0.2,xml_feed
Castellcir (Barcelona),ESCAT0800000008183C,2026-09-08,2.15,41.76,785.0,33.1,20.3,52.0,27.0,,,,0.0,23.4,47.0,,,0.0,xml_feed
Palau-solità i P. Cortés (Barcelona),ESCAT0800000008184C,2026-09-08,2.18,41.59,125.0,35.6,19.7,74.0,38.0,1019.1,1009.8,31.0,0.0,29.2,56.0,44.0,3.0,0.0,xml_feed
Vallromanes - Est (Barcelona),ESCAT0800000008188B,2026-09-08,2.31,41.53,220.0,30.1,19.9,88.0,62.0,1019.9,1011.0,31.0,0.0,26.9,71.0,112.0,11.0,0.0,xml_feed
Rubí - Andromeda (Barcelona),ESCAT0800000008191B,2026-09-08,2.04,41.49,150.0,34.3,21.5,84.0,31.0,1017.4,1009.2,32.0,0.1,27.3,52.0,124.0,3.0,0.1,xml_feed
Rubí - Pl S.Allende (Barcelona),ESCAT0800000008191E,2026-09-08,2.03,41.49,130.0,35.6,19.8,87.0,34.0,1017.5,1009.0,24.0,0.0,25.1,73.0,316.0,2.0,0.0,xml_feed
Rubí - La Serreta (Barcelona),ESCAT0800000008191F,2026-09-08,2.04,41.5,180.0,34.9,20.9,85.0,35.0,1020.2,1011.8,33.0,0.0,27.4,56.0,87.0,0.0,0.0,xml_feed
St Quirze del V -VallSuau (Barcelona),ESCAT0800000008192A,2026-09-08,2.07,41.53,230.0,35.3,21.1,83.0,26.0,1019.8,1010.7,30.0,0.0,27.2,46.0,113.0,2.0,0.0,xml_feed
Valldoreix (Barcelona),ESCAT0800000008195A,2026-09-08,2.04,41.46,120.0,33.8,19.2,83.0,35.0,1020.4,1012.1,25.0,0.0,26.7,51.0,269.0,0.0,0.0,xml_feed
Sant Cugat Vallès-Mirasol (Barcelona),ESCAT0800000008195B,2026-09-08,2.04,41.47,110.0,35.2,20.4,86.0,35.0,1019.8,1010.5,20.0,0.0,26.9,56.0,135.0,0.0,0.0,xml_feed
S. Cugat Val. La Floresta (Barcelona),ESCAT0800000008198A,2026-09-08,2.08,41.45,217.0,34.8,20.7,,,1021.0,1011.9,,0.0,27.4,,,,0.0,xml_feed
Sabadell - Rambla (Barcelona),ESCAT0800000008201C,2026-09-08,2.11,41.54,179.0,36.9,22.8,59.0,28.0,1019.2,1010.8,15.0,0.0,28.6,46.0,101.0,0.0,0.0,xml_feed
Sabadell - Centre (Barcelona),ESCAT0800000008202B,2026-09-08,2.11,41.55,197.0,36.0,22.2,65.0,36.0,1019.2,1010.8,26.0,0.0,28.4,51.0,14.0,3.0,0.0,xml_feed
Sabadell - Viena II (Barcelona),ESCAT0800000008206A,2026-09-08,2.08,41.56,,40.1,20.9,65.0,22.0,1016.8,1008.5,,,27.9,46.0,,,,xml_feed
Sabadell - Can Rull (Barcelona),ESCAT0800000008206G,2026-09-08,2.09,41.56,225.0,35.8,21.3,62.0,25.0,1018.3,1009.8,30.0,0.0,28.0,42.0,90.0,4.0,0.0,xml_feed
Sabadell - Creu Alta (Barcelona),ESCAT0800000008208A,2026-09-08,2.1,41.56,210.0,33.4,19.7,52.0,27.0,1019.0,1011.0,19.0,0.0,25.8,37.0,172.0,4.0,0.0,xml_feed
Castellar del Vallès (Barcelona),ESCAT0800000008211B,2026-09-08,2.09,41.62,331.0,36.3,22.1,58.0,24.0,1021.0,1013.0,34.0,0.0,27.4,45.0,23.0,0.0,0.0,xml_feed
Terrassa - Plaça Nova (Barcelona),ESCAT0800000008221B,2026-09-08,2.02,41.56,285.0,35.4,23.2,67.0,29.0,1016.5,1007.9,37.0,0.0,28.1,46.0,225.0,0.0,0.0,xml_feed
Terrassa - Ca n'Aurell (Barcelona),ESCAT0800000008224A,2026-09-08,2.0,41.57,300.0,35.0,22.2,66.0,30.0,1019.1,1010.5,32.0,0.0,27.3,52.0,271.0,0.0,0.0,xml_feed
Terrassa-Centre (Barcelona),ESCAT0800000008224F,2026-09-08,2.01,41.56,300.0,34.6,22.5,68.0,32.0,1017.8,1009.2,,0.0,27.9,53.0,,,0.0,xml_feed
Terrassa - Can Boada (Barcelona),ESCAT0800000008225G,2026-09-08,2.0,41.57,325.0,35.2,21.3,62.0,29.0,1017.8,1009.2,31.0,0.0,26.6,51.0,112.0,3.0,0.0,xml_feed
Terrassa - Sant Pere (Barcelona),ESCAT0800000008226A,2026-09-08,2.02,41.57,322.0,34.3,23.3,56.0,21.0,1020.3,1011.0,35.0,0.0,27.4,36.0,0.0,0.0,0.0,xml_feed
Terrassa  -Sant Pere Nord (Barcelona),ESCAT0800000008226C,2026-09-08,2.02,41.58,,34.9,22.6,65.0,27.0,,,19.0,,27.3,47.0,106.0,0.0,,xml_feed
Terrassa (les Fonts) (Barcelona),ESCAT0800000008228B,2026-09-08,2.02,41.55,225.0,35.2,20.4,81.0,30.0,1018.4,1010.2,,0.0,27.1,49.0,,,0.0,xml_feed
Matadepera-La Muntanyeta (Barcelona),ESCAT0800000008230C,2026-09-08,2.03,41.6,515.0,34.3,20.3,64.0,32.0,1019.0,1010.5,26.0,0.0,25.3,54.0,292.0,2.0,0.0,xml_feed
Viladecavalls (Barcelona),ESCAT0800000008232A,2026-09-08,1.96,41.56,290.0,34.4,20.9,81.0,38.0,1018.2,1010.4,40.0,0.0,26.7,57.0,336.0,2.0,0.0,xml_feed
Viladecavalls - Can Turu (Barcelona),ESCAT0800000008232B,2026-09-08,1.95,41.55,310.0,33.6,21.1,81.0,37.0,1018.7,1010.9,39.0,0.0,26.9,53.0,146.0,0.0,0.0,xml_feed
Vacarisses Cam Serra (Barcelona),ESCAT0800000008233B,2026-09-08,1.89,41.6,382.0,34.6,16.9,85.0,33.0,1021.1,1012.4,44.0,0.0,27.2,49.0,247.0,15.0,0.0,xml_feed
Manresa - Oest (Barcelona),ESCAT0800000008242B,2026-09-08,1.82,41.73,238.0,36.1,18.2,77.0,35.0,1019.2,1009.4,34.0,0.0,26.2,68.0,221.0,0.0,0.0,xml_feed
Manresa   (Barcelona),ESCAT0800000008243A,2026-09-08,1.84,41.72,251.0,35.8,19.0,70.0,31.0,1018.7,1009.1,42.0,0.0,26.0,63.0,100.0,4.0,0.0,xml_feed
Manresa - Est (Barcelona),ESCAT0800000008243B,2026-09-08,1.85,41.72,320.0,36.1,18.9,74.0,28.0,1021.9,1012.3,43.0,0.0,25.7,66.0,180.0,1.0,0.0,xml_feed
Sant Joan de Vilatorrada (Barcelona),ESCAT0800000008250B,2026-09-08,1.8,41.74,,36.2,18.3,78.0,35.0,,,42.0,,25.8,70.0,67.0,0.0,,xml_feed
Santpedor (Barcelona),ESCAT0800000008251A,2026-09-08,1.84,41.79,330.0,35.1,18.3,64.0,64.0,1013.7,1013.7,7.0,0.5,24.4,64.0,23.0,3.0,0.5,xml_feed
"Rocafort, Can Lleonart  (Barcelona)",ESCAT0800000008254C,2026-09-08,1.92,41.72,472.0,33.2,18.3,,,1018.0,1010.0,48.0,0.0,25.7,,222.0,9.0,0.0,xml_feed
Fals (Bages) (Barcelona),ESCAT0800000008259A,2026-09-08,1.71,41.74,400.0,37.1,16.4,78.0,29.0,1017.9,1008.4,45.0,0.2,23.4,75.0,329.0,0.0,0.2,xml_feed
Suria (Barcelona),ESCAT0800000008260A,2026-09-08,1.76,41.84,286.0,37.4,15.6,81.0,22.0,1018.1,1008.8,37.0,0.0,24.6,72.0,338.0,0.0,0.0,xml_feed
Súria (tractets) (Barcelona),ESCAT0800000008260C,2026-09-08,1.75,41.84,340.0,36.9,17.1,78.0,25.0,1020.3,1011.1,24.0,0.0,24.4,77.0,310.0,3.0,0.0,xml_feed
Suria (Bellavista) (Barcelona),ESCAT0800000008260D,2026-09-08,1.75,41.84,332.0,37.6,16.6,82.0,25.0,1020.1,1010.4,21.0,0.0,24.8,77.0,243.0,0.0,0.0,xml_feed
Cardona - Turó Rossinyol (Barcelona),ESCAT0800000008261C,2026-09-08,1.68,41.91,560.0,37.3,18.5,65.0,21.0,1018.9,1010.7,59.0,0.3,25.1,61.0,116.0,8.0,0.3,xml_feed
Cardona_RavalSantJoan_DV (Barcelona),ESCAT0800000008261D,2026-09-08,1.68,41.92,444.0,35.2,16.0,58.0,10.0,1018.9,1009.2,34.0,0.3,24.4,53.0,107.0,3.0,0.3,xml_feed
Cardona_Salinera (Barcelona),ESCAT0800000008261E,2026-09-08,1.69,41.91,393.0,36.6,16.8,73.0,19.0,1030.2,1021.2,30.0,0.3,24.1,73.0,112.0,0.0,0.3,xml_feed
Valls de Torroella (Barcelona),ESCAT0800000008269A,2026-09-08,1.72,41.85,320.0,37.3,15.9,79.0,22.0,1020.1,1010.2,29.0,0.6,22.8,79.0,180.0,0.0,0.6,xml_feed
Santa Maria d'Oló (Barcelona),ESCAT0800000008273A,2026-09-08,2.0,41.9,542.0,36.2,17.5,86.0,32.0,1020.6,1011.4,32.0,0.8,22.2,78.0,129.0,0.0,0.8,xml_feed
Veciana (Barcelona),ESCAT0800000008289A,2026-09-08,1.52,41.66,608.0,35.5,20.3,80.0,33.0,1018.8,1011.1,60.0,0.8,23.1,80.0,182.0,6.0,0.8,xml_feed
Cerdanyola - Centre (Barcelona),ESCAT0800000008290B,2026-09-08,2.14,41.49,100.0,34.6,20.8,82.0,40.0,1017.2,1008.2,34.0,0.0,28.5,55.0,182.0,2.0,0.0,xml_feed
Cerdanyola - Montflorit (Barcelona),ESCAT0800000008290D,2026-09-08,2.13,41.49,80.0,36.2,18.1,87.0,38.0,1018.3,1008.9,23.0,0.0,26.8,55.0,200.0,0.0,0.0,xml_feed
Ripollet 2.0 (Barcelona),ESCAT0800000008291B,2026-09-08,2.18,41.51,75.0,35.0,20.3,75.0,39.0,1019.4,1010.4,23.0,0.0,28.7,51.0,270.0,0.0,0.0,xml_feed
Ripollet-centro (Barcelona),ESCAT0800000008291D,2026-09-08,2.16,41.51,75.0,34.6,20.6,74.0,38.0,1019.5,1010.4,24.0,0.0,28.9,51.0,270.0,0.0,0.0,xml_feed
Sant Vicenç de Castellet (Barcelona),ESCAT0800000008295A,2026-09-08,1.86,41.67,,36.7,17.9,83.0,35.0,1021.0,1010.8,31.0,,26.2,64.0,247.0,4.0,,xml_feed
Castellbell (El Borràs) (Barcelona),ESCAT0800000008296A,2026-09-08,1.86,41.63,166.0,36.1,18.1,82.0,38.0,1020.5,1010.6,37.0,0.0,28.4,51.0,136.0,11.0,0.0,xml_feed
Castellbell (Baix Vilar) (Barcelona),ESCAT0800000008296B,2026-09-08,1.86,41.64,187.0,36.3,17.8,83.0,34.0,1021.3,1011.5,27.0,0.0,28.1,49.0,151.0,6.0,0.0,xml_feed
Marganell (Barcelona),ESCAT0800000008298A,2026-09-08,1.79,41.64,305.0,35.8,16.2,83.0,33.0,1020.0,1010.2,,0.0,24.0,70.0,,,0.0,xml_feed
Mataró - Vista Alegre (Barcelona),ESCAT0800000008304A,2026-09-08,2.45,41.55,105.0,30.9,22.4,74.0,51.0,1019.8,1011.0,31.0,0.0,27.2,71.0,84.0,8.0,0.0,xml_feed
Mataró - Can Quirze (Barcelona),ESCAT0800000008304B,2026-09-08,2.46,41.55,80.0,29.8,22.4,81.0,61.0,1018.3,1009.8,27.0,0.0,27.4,75.0,31.0,0.0,0.0,xml_feed
Mataró -Nord (Barcelona),ESCAT0800000008304C,2026-09-08,2.44,41.56,144.0,31.4,23.1,71.0,45.0,1018.9,1011.3,27.0,0.0,26.7,69.0,124.0,7.0,0.0,xml_feed
Mataró-Can Canyellas (Barcelona),ESCAT0800000008304D,2026-09-08,2.44,41.56,144.0,30.3,23.7,78.0,54.0,1017.6,1010.1,25.0,0.0,26.5,77.0,135.0,12.0,0.0,xml_feed
Mataró-Parc de Créteil (Barcelona),ESCAT0800000008304E,2026-09-08,2.45,41.55,105.0,29.8,22.1,80.0,58.0,1018.6,1009.9,35.0,0.0,26.7,76.0,90.0,2.0,0.0,xml_feed
Argentona (Barcelona),ESCAT0800000008310B,2026-09-08,2.39,41.56,127.0,32.7,21.6,77.0,47.0,1019.4,1010.5,24.0,0.0,26.7,73.0,142.0,2.0,0.0,xml_feed
Dosrius (Barcelona),ESCAT0800000008319B,2026-09-08,2.4,41.6,165.0,31.4,16.6,85.0,49.0,1020.7,1011.5,39.0,0.0,25.1,63.0,90.0,1.0,0.0,xml_feed
El Masnou - Can Humet (Barcelona),ESCAT0800000008320C,2026-09-08,2.32,41.48,22.0,30.3,23.7,86.0,66.0,,,26.0,0.0,28.1,67.0,67.0,7.0,0.0,xml_feed
El Masnou - Ocata (Barcelona),ESCAT0800000008320D,2026-09-08,2.33,41.49,10.0,31.1,24.5,86.0,68.0,1020.0,1011.2,27.0,0.0,28.3,69.0,86.0,20.0,0.0,xml_feed
El Masnou - Nordeste (Barcelona),ESCAT0800000008320F,2026-09-08,2.41,41.5,57.0,30.3,24.1,85.0,67.0,1020.7,1012.5,24.0,0.0,27.9,72.0,58.0,7.0,0.0,xml_feed
El Masnou - Ocata 2 (Barcelona),ESCAT0800000008320G,2026-09-08,2.33,41.49,7.0,32.0,22.9,87.0,66.0,1019.4,1010.6,21.0,0.0,28.4,68.0,43.0,14.0,0.0,xml_feed
Alella-Mirador (Barcelona),ESCAT0800000008328F,2026-09-08,2.29,41.49,290.0,29.7,22.9,,,1017.7,1009.6,,0.0,27.4,,,,0.0,xml_feed
Cabrera de Mar (Barcelona),ESCAT0800000008349A,2026-09-08,2.4,41.51,,31.3,21.9,100.0,53.0,1019.0,1010.5,,0.0,27.9,64.0,,,0.0,xml_feed
Cabrera de Mar-SJoan Munt (Barcelona),ESCAT0800000008349B,2026-09-08,2.39,41.53,170.0,31.0,22.0,89.0,62.0,1020.4,1012.3,48.0,0.0,26.5,79.0,90.0,4.0,0.0,xml_feed
Arenys de Mar (Barcelona),ESCAT0800000008350A,2026-09-08,2.56,41.59,85.0,32.1,22.6,88.0,62.0,1017.0,1008.1,27.0,0.0,26.6,75.0,355.0,8.0,0.0,xml_feed
Arenys de Munt (Barcelona),ESCAT0800000008358A,2026-09-08,2.54,41.61,149.0,30.1,20.6,75.0,49.0,1021.0,1012.1,39.0,0.0,26.7,70.0,7.0,5.0,0.0,xml_feed
Canet de Mar - Mise (Barcelona),ESCAT0800000008360B,2026-09-08,2.58,41.6,,32.1,21.6,95.0,60.0,1021.8,1013.5,18.0,,27.0,74.0,45.0,11.0,,xml_feed
Canet de Mar - Centre (Barcelona),ESCAT0800000008360C,2026-09-08,2.58,41.59,42.0,29.7,22.8,90.0,74.0,1018.6,1009.8,35.0,0.0,27.4,74.0,54.0,23.0,0.0,xml_feed
Canet de Mar (Barcelona),ESCAT0800000008360D,2026-09-08,2.58,41.59,40.0,30.2,23.4,87.0,71.0,1019.1,1011.1,27.0,0.0,27.7,71.0,0.0,3.0,0.0,xml_feed
Canet de Mar - Rial Oms  (Barcelona),ESCAT0800000008360H,2026-09-08,2.59,41.6,50.0,32.3,21.7,94.0,66.0,1020.2,1012.0,,0.0,27.6,72.0,,,0.0,xml_feed
Calella (Barcelona),ESCAT0800000008370A,2026-09-08,2.66,41.61,7.0,29.0,23.5,83.0,67.0,1019.7,1010.7,44.0,0.0,26.7,74.0,86.0,16.0,0.0,xml_feed
Malgrat de mar (Barcelona),ESCAT0800000008380A,2026-09-08,2.74,41.65,4.0,29.7,20.8,85.0,65.0,1023.9,1015.7,47.0,0.0,26.7,84.0,91.0,11.0,0.0,xml_feed
Palafolls Mas La Pomareda (Barcelona),ESCAT0800000008389B,2026-09-08,2.75,41.68,,31.8,18.5,92.0,49.0,1020.9,1011.8,37.0,,26.3,83.0,96.0,3.0,,xml_feed
Tiana (Barcelona),ESCAT0800000008391C,2026-09-08,2.27,41.48,140.0,30.8,22.3,90.0,55.0,,,9.0,0.0,27.2,75.0,225.0,0.0,0.0,xml_feed
Sant Andreu de Llavaneres (Barcelona),ESCAT0800000008392A,2026-09-08,2.48,41.57,139.0,30.5,21.3,74.0,51.0,1018.9,1011.3,27.0,0.0,26.7,72.0,76.0,4.0,0.0,xml_feed
Caldes d'Estrac (Barcelona),ESCAT0800000008393B,2026-09-08,2.53,41.57,72.0,29.0,19.3,85.0,70.0,1020.1,1011.4,34.0,0.0,26.2,77.0,56.0,0.0,0.0,xml_feed
Sant Vicenç de Montalt (Barcelona),ESCAT0800000008394B,2026-09-08,2.51,41.58,200.0,29.4,24.4,82.0,56.0,1019.2,1010.6,40.0,0.0,27.1,70.0,0.0,21.0,0.0,xml_feed
Pineda de Mar - Les Creus (Barcelona),ESCAT0800000008397A,2026-09-08,2.67,41.62,30.0,30.1,18.8,88.0,65.0,1021.4,1012.7,42.0,0.0,26.4,82.0,58.0,12.0,0.0,xml_feed
Pineda De Mar - Cal Tort  (Barcelona),ESCAT0800000008397C,2026-09-08,2.67,41.64,130.0,30.7,23.1,87.0,36.0,1020.7,1011.3,40.0,0.0,26.3,70.0,45.0,4.0,0.0,xml_feed
Pineda de Mar - Nord (Barcelona),ESCAT0800000008397E,2026-09-08,2.69,41.64,45.0,29.4,21.5,88.0,52.0,1019.8,1011.0,42.0,0.0,26.9,76.0,19.0,7.0,0.0,xml_feed
Pineda de Mar - Centre (Barcelona),ESCAT0800000008397F,2026-09-08,2.69,41.62,9.0,30.2,21.6,78.0,67.0,1019.3,1010.2,32.0,0.0,26.9,76.0,48.0,18.0,0.0,xml_feed
Santa Susanna (Barcelona),ESCAT0800000008398A,2026-09-08,2.72,41.64,48.0,30.3,23.3,90.0,56.0,1019.4,1009.9,42.0,0.0,26.2,80.0,109.0,11.0,0.0,xml_feed
Granollers (Barcelona),ESCAT0800000008402A,2026-09-08,2.29,41.61,145.0,35.0,20.8,69.0,42.0,1020.3,1011.6,26.0,0.0,27.7,61.0,114.0,5.0,0.0,xml_feed
Cardedeu - Centre (Barcelona),ESCAT0800000008440A,2026-09-08,2.36,41.64,203.0,34.1,19.2,76.0,45.0,1019.8,1010.9,20.0,0.0,26.8,69.0,0.0,9.0,0.0,xml_feed
Cardedeu - Poble Sec (Barcelona),ESCAT0800000008440C,2026-09-08,2.36,41.64,200.0,34.6,18.4,76.0,40.0,1020.6,1011.1,24.0,0.0,27.3,64.0,67.0,8.0,0.0,xml_feed
Montseny - Les Arrels (Barcelona),ESCAT0800000008469A,2026-09-08,2.4,41.75,435.0,36.0,21.9,65.0,31.0,1017.7,1007.6,23.0,0.0,24.9,64.0,325.0,0.0,0.0,xml_feed
Sant Celoni - Vilardell (Barcelona),ESCAT0800000008470F,2026-09-08,2.52,41.68,,34.0,18.6,80.0,40.0,,,,,26.4,69.0,,,,xml_feed
Sant Celoni - Diputació (Barcelona),ESCAT0800000008470G,2026-09-08,2.49,41.69,170.0,34.4,19.0,79.0,41.0,1018.6,1008.8,29.0,0.0,26.8,69.0,40.0,11.0,0.0,xml_feed
Vallgorguina (Barcelona),ESCAT0800000008471C,2026-09-08,2.52,41.65,280.0,34.6,17.2,83.0,40.0,1020.6,1012.1,15.0,0.0,24.6,69.0,180.0,0.0,0.0,xml_feed
Gualba (Barcelona),ESCAT0800000008474B,2026-09-08,2.53,41.72,164.0,35.4,17.9,79.0,35.0,1019.0,1009.4,37.0,0.0,26.8,66.0,360.0,4.0,0.0,xml_feed
La Batllòria - Vallès Ori (Barcelona),ESCAT0800000008476A,2026-09-08,2.55,41.72,97.0,35.9,19.3,78.0,35.0,1019.5,1009.3,35.0,0.0,28.0,65.0,78.0,6.0,0.0,xml_feed
Vic (Barcelona),ESCAT0800000008500A,2026-09-08,2.28,41.96,500.0,36.4,15.9,91.0,29.0,1021.7,1013.3,39.0,0.8,22.4,86.0,340.0,2.0,0.8,xml_feed
Vic - Zona Universitària (Barcelona),ESCAT0800000008500E,2026-09-08,2.25,41.93,525.0,35.3,17.8,79.0,21.0,1026.1,1017.4,44.0,0.6,23.4,76.0,336.0,5.0,0.6,xml_feed
Sant Julià de Vilatorta (Barcelona),ESCAT0800000008504A,2026-09-08,2.32,41.92,570.0,34.3,15.8,83.0,32.0,1020.3,1012.1,32.0,0.2,24.3,74.0,124.0,5.0,0.2,xml_feed
Sant Sadurní d'Osormort (Barcelona),ESCAT0800000008504B,2026-09-08,2.39,41.91,510.0,35.3,12.3,86.0,25.0,1020.6,1011.9,37.0,0.6,20.3,85.0,349.0,0.0,0.6,xml_feed
Sentfores (La Guixa) (Barcelona),ESCAT0800000008505A,2026-09-08,2.23,41.92,512.0,37.4,15.3,86.0,26.0,1020.9,1012.7,50.0,0.0,21.6,84.0,341.0,3.0,0.0,xml_feed
Santa Eulàlia Riuprimer (Barcelona),ESCAT0800000008505B,2026-09-08,2.19,41.91,585.0,34.5,15.4,89.0,28.0,1019.9,1010.4,34.0,0.0,20.6,87.0,284.0,5.0,0.0,xml_feed
Calldetenes (Barcelona),ESCAT0800000008506A,2026-09-08,2.29,41.93,488.0,36.0,14.6,93.0,22.0,1021.9,1013.4,44.0,0.3,23.3,77.0,21.0,7.0,0.3,xml_feed
Calldetenes (Est) (Barcelona),ESCAT0800000008506B,2026-09-08,2.3,41.93,510.0,37.1,16.0,82.0,26.0,1022.1,1013.1,30.0,0.3,22.1,81.0,315.0,1.0,0.3,xml_feed
Santa Eugènia de Berga (Barcelona),ESCAT0800000008507A,2026-09-08,2.28,41.91,506.0,36.9,15.9,85.0,25.0,1019.2,1010.0,26.0,0.6,22.8,80.0,107.0,0.0,0.6,xml_feed
Santa Cecília de Voltregà (Barcelona),ESCAT0800000008509A,2026-09-08,2.2,42.01,580.0,34.0,15.6,98.0,20.0,1014.8,1007.1,43.0,4.4,19.5,98.0,0.0,0.0,4.4,xml_feed
Roda de Ter - Pla Xic (Barcelona),ESCAT0800000008510A,2026-09-08,2.31,41.99,470.0,36.0,15.5,89.0,25.0,1022.0,1012.8,35.0,0.5,22.9,84.0,112.0,0.0,0.5,xml_feed
Sant Pere de Casserres (Barcelona),ESCAT0800000008510C,2026-09-08,2.34,42.0,486.0,35.9,16.4,94.0,28.0,1020.7,1012.2,55.0,0.8,22.7,90.0,169.0,0.0,0.8,xml_feed
Roda de Ter - Escorxador (Barcelona),ESCAT0800000008510D,2026-09-08,2.31,41.98,457.0,36.8,15.6,93.0,25.0,1023.1,1014.0,44.0,0.8,23.5,83.0,67.0,2.0,0.8,xml_feed
Olost - Mas Lliscàs (Barcelona),ESCAT0800000008516C,2026-09-08,2.1,41.98,558.0,34.6,15.2,82.0,26.0,1022.2,1014.4,42.0,0.4,22.7,74.0,25.0,3.0,0.4,xml_feed
Tavèrnoles (Barcelona),ESCAT0800000008519B,2026-09-08,2.33,41.95,535.0,35.5,17.3,62.0,12.0,1018.0,1009.4,45.0,0.4,23.8,58.0,57.0,0.0,0.4,xml_feed
Tavèrnoles - El Raurell (Barcelona),ESCAT0800000008519C,2026-09-08,2.37,41.97,650.0,35.3,16.6,88.0,27.0,1018.1,1010.4,13.0,0.3,22.5,84.0,90.0,0.0,0.3,xml_feed
Llerona - Els Gorgs (Barcelona),ESCAT0800000008520C,2026-09-08,2.3,41.67,260.0,34.7,20.0,72.0,47.0,1021.1,1012.0,20.0,0.0,26.3,71.0,336.0,3.0,0.0,xml_feed
La Garriga (Ajuntament) (Barcelona),ESCAT0800000008530D,2026-09-08,2.29,41.69,247.0,33.6,21.7,62.0,41.0,1018.4,1008.9,27.0,0.0,27.4,58.0,113.0,5.0,0.0,xml_feed
Centelles - Oest (Barcelona),ESCAT0800000008540C,2026-09-08,2.23,41.8,547.0,34.4,17.8,77.0,28.0,,,20.0,0.0,25.5,46.0,112.0,0.0,0.0,xml_feed
Tona - IES  (Barcelona),ESCAT0800000008551B,2026-09-08,2.23,41.85,607.0,33.3,16.5,84.0,32.0,1015.9,1007.1,34.0,0.0,24.8,55.0,99.0,0.0,0.0,xml_feed
Taradell (Dr.Fleming) (Barcelona),ESCAT0800000008552C,2026-09-08,2.29,41.87,625.0,34.3,17.4,83.0,32.0,1020.0,1011.1,42.0,0.0,24.6,69.0,90.0,3.0,0.0,xml_feed
Seva (Barcelona),ESCAT0800000008553A,2026-09-08,2.28,41.84,670.0,34.5,16.9,80.0,31.0,1019.0,1010.0,26.0,0.0,23.8,67.0,85.0,2.0,0.0,xml_feed
Manlleu (Barcelona),ESCAT0800000008560A,2026-09-08,2.29,42.0,460.0,35.8,16.9,70.0,21.0,1019.5,1010.0,,0.2,23.9,65.0,,,0.2,xml_feed
Sant Marti Sescorts (Barcelona),ESCAT0800000008569A,2026-09-08,2.32,42.02,,37.3,13.0,,,1019.8,1010.2,32.0,0.0,22.3,,330.0,0.0,0.0,xml_feed
Torelló (Ins Cirviànum) (Barcelona),ESCAT0800000008570A,2026-09-08,2.26,42.05,520.0,34.7,16.8,82.0,23.0,1017.0,1008.8,37.0,2.3,21.7,78.0,34.0,3.0,2.3,xml_feed
Bellmunt (Barcelona),ESCAT0800000008572B,2026-09-08,2.29,42.1,1241.0,35.1,16.5,66.0,23.0,1015.7,1007.4,45.0,0.6,21.2,66.0,355.0,3.0,0.6,xml_feed
Cussons - Sora (Barcelona),ESCAT0800000008588A,2026-09-08,2.2,42.1,636.0,33.2,13.8,94.0,30.0,1021.0,1012.9,37.0,0.2,21.3,82.0,329.0,0.0,0.2,xml_feed
Berga (Barcelona),ESCAT0800000008600A,2026-09-08,1.85,42.1,684.0,33.6,20.3,60.0,22.0,1018.2,1010.3,43.0,0.0,24.2,56.0,45.0,11.0,0.0,xml_feed
Avià - Sud (Barcelona),ESCAT0800000008610A,2026-09-08,1.83,42.07,660.0,34.1,20.2,,,1029.7,1018.7,44.0,0.0,24.9,,22.0,2.0,0.0,xml_feed
Avià (Barcelona),ESCAT0800000008610B,2026-09-08,1.83,42.08,677.0,33.9,21.4,56.0,20.0,1017.2,1009.5,,0.0,25.4,54.0,,,0.0,xml_feed
L'Espunyola (Barcelona),ESCAT0800000008614A,2026-09-08,1.77,42.05,802.0,33.3,20.4,63.0,21.0,1018.3,1010.1,24.0,0.0,24.4,58.0,109.0,3.0,0.0,xml_feed
Refugi Rasos de Peguera (Barcelona),ESCAT0800000008618A,2026-09-08,1.76,42.14,1760.0,24.7,13.1,83.0,35.0,,,33.0,0.5,16.0,79.0,90.0,0.0,0.5,xml_feed
Borredà (Barcelona),ESCAT0800000008619A,2026-09-08,1.99,42.14,865.0,32.8,18.4,68.0,24.0,1016.8,1009.2,31.0,0.0,22.2,67.0,68.0,5.0,0.0,xml_feed
Torrelles Ll. Can Tarrida (Barcelona),ESCAT0800000008629A,2026-09-08,1.99,41.36,130.0,35.3,20.2,80.0,34.0,1019.3,1010.8,24.0,0.0,27.0,56.0,203.0,0.0,0.0,xml_feed
Torrelles Llob.Can Güell (Barcelona),ESCAT0800000008629C,2026-09-08,1.95,41.36,274.0,36.4,21.3,80.0,32.0,1021.2,1012.5,,0.0,27.3,55.0,,,0.0,xml_feed
Sant Esteve Sesrovires N (Barcelona),ESCAT0800000008635A,2026-09-08,1.86,41.5,215.0,34.4,20.3,90.0,39.0,1023.8,1015.5,50.0,0.0,26.7,60.0,133.0,4.0,0.0,xml_feed
Olesa Montserrat-Eixample (Barcelona),ESCAT0800000008640A,2026-09-08,1.9,41.54,110.0,36.7,20.9,81.0,29.0,1019.1,1010.1,23.0,0.0,27.9,51.0,322.0,0.0,0.0,xml_feed
Sallent [El Bages] (Barcelona),ESCAT0800000008650B,2026-09-08,1.9,41.83,336.0,35.7,16.6,77.0,31.0,1021.2,1011.9,,0.4,24.2,69.0,,,0.4,xml_feed
Casserres (Barcelona),ESCAT0800000008693A,2026-09-08,1.85,42.01,614.0,34.5,19.4,61.0,16.0,1021.0,1012.0,28.0,0.0,24.7,56.0,22.0,6.0,0.0,xml_feed
St.J.Cerdanyola-Cal Solà (Barcelona),ESCAT0800000008694B,2026-09-08,1.89,42.22,980.0,31.8,14.5,85.0,28.0,1022.5,1015.2,37.0,0.3,19.4,82.0,45.0,4.0,0.3,xml_feed
Guardiola de Berguedà (Barcelona),ESCAT0800000008694C,2026-09-08,1.88,42.23,760.0,34.5,12.8,91.0,26.0,1023.3,1015.5,44.0,0.2,19.6,85.0,337.0,2.0,0.2,xml_feed
St.J.Cerdanyola-Forcat (Barcelona),ESCAT0800000008694D,2026-09-08,1.89,42.23,1115.0,30.9,18.3,75.0,33.0,1024.8,1016.0,60.0,0.0,19.8,74.0,67.0,8.0,0.0,xml_feed
Puigllançada- Coll de Pal (Barcelona),ESCAT0800000008694E,2026-09-08,1.93,42.3,,22.4,14.0,83.0,40.0,1028.5,1020.0,53.0,,14.0,83.0,135.0,8.0,,xml_feed
Bagà (nord) (Barcelona),ESCAT0800000008695A,2026-09-08,1.86,42.26,865.0,33.3,14.3,87.0,26.0,1024.2,1015.6,27.0,0.2,18.6,86.0,67.0,0.0,0.2,xml_feed
Bagà (centre) (Barcelona),ESCAT0800000008695C,2026-09-08,1.86,42.25,798.0,33.4,13.4,85.0,29.0,1018.8,1010.1,34.0,1.2,19.1,85.0,247.0,0.0,1.2,xml_feed
Bagà (sud) (Barcelona),ESCAT0800000008695D,2026-09-08,1.87,42.25,770.0,32.8,11.3,94.0,25.0,1025.2,1016.6,47.0,1.0,18.1,91.0,315.0,0.0,1.0,xml_feed
Cadí Est- PN Cadí-Moixeró (Barcelona),ESCAT0800000008695G,2026-09-08,1.74,42.29,2440.0,19.9,12.0,79.0,40.0,,,,0.2,12.4,69.0,,,0.2,xml_feed
Bagà (refugi Rebost) PN (Barcelona),ESCAT0800000008695H,2026-09-08,1.89,42.29,1640.0,26.8,17.8,68.0,34.0,1031.7,1020.5,35.0,0.8,17.8,68.0,112.0,13.0,0.8,xml_feed
La Pobla de Lillet (Barcelona),ESCAT0800000008696A,2026-09-08,1.98,42.25,873.0,32.9,13.4,80.0,18.0,1014.8,1007.1,45.0,0.3,20.6,70.0,45.0,2.0,0.3,xml_feed
La Nou de Berguedà El Pou (Barcelona),ESCAT0800000008698B,2026-09-08,1.89,42.17,940.0,32.3,17.8,92.0,23.0,,,22.0,2.0,20.3,80.0,45.0,0.0,2.0,xml_feed
Sta. Margarida de Montbui (Barcelona),ESCAT0800000008710A,2026-09-08,1.6,41.58,320.0,38.3,17.2,81.0,29.0,1018.4,1009.6,42.0,0.0,24.5,74.0,225.0,2.0,0.0,xml_feed
S.M.Montbui - N.Antic (Barcelona),ESCAT0800000008710B,2026-09-08,1.6,41.55,407.0,37.2,17.8,85.0,29.0,1020.0,1010.9,45.0,0.0,24.9,68.0,180.0,0.0,0.0,xml_feed
Sant Martí de Tous (Barcelona),ESCAT0800000008712A,2026-09-08,1.52,41.56,445.0,35.0,17.1,82.0,29.0,1022.9,1013.9,53.0,0.0,23.8,65.0,257.0,2.0,0.0,xml_feed
Vilafranca Del Penedès (Barcelona),ESCAT0800000008720C,2026-09-08,1.7,41.34,220.0,34.0,20.5,94.0,37.0,1020.4,1012.6,15.0,0.0,25.9,68.0,239.0,0.0,0.0,xml_feed
Font-Rubí (Barcelona),ESCAT0800000008736A,2026-09-08,1.59,41.43,550.0,33.4,20.2,71.0,1.0,1018.5,1010.3,7.0,0.0,25.6,50.0,0.0,0.0,0.0,xml_feed
Cantallops (Barcelona),ESCAT0800000008739A,2026-09-08,1.8,41.37,280.0,32.4,19.4,82.0,57.0,1018.5,1010.7,,0.0,25.6,71.0,,,0.0,xml_feed
Sant Pau D'Ordal (Barcelona),ESCAT0800000008739B,2026-09-08,1.79,41.38,240.0,32.6,19.3,83.0,48.0,1018.7,1010.2,39.0,0.0,26.3,65.0,120.0,5.0,0.0,xml_feed
Lavern (Barcelona),ESCAT0800000008739C,2026-09-08,1.77,41.39,217.0,33.6,19.4,89.0,37.0,1016.1,1008.2,26.0,0.0,26.1,64.0,43.0,3.0,0.0,xml_feed
Sant Andreu de la B-Palau (Barcelona),ESCAT0800000008740E,2026-09-08,1.96,41.45,88.0,36.4,20.5,,,1021.4,1012.0,59.0,0.0,27.8,,68.0,0.0,0.0,xml_feed
Molins de Rei - Bonavista (Barcelona),ESCAT0800000008750B,2026-09-08,2.02,41.41,49.0,34.2,19.9,86.0,38.0,1019.8,1010.6,23.0,0.0,26.9,57.0,54.0,3.0,0.0,xml_feed
Molins de Rei-de les eres (Barcelona),ESCAT0800000008750E,2026-09-08,2.02,41.41,37.0,34.1,20.8,81.0,40.0,1021.2,1012.8,31.0,0.0,27.9,61.0,56.0,2.0,0.0,xml_feed
Cervelló - Penya Roja (Barcelona),ESCAT0800000008758A,2026-09-08,1.95,41.4,357.0,37.2,22.4,81.0,29.0,1018.5,1010.4,26.0,0.0,26.2,55.0,337.0,0.0,0.0,xml_feed
Vallirana (Mas Rovira) (Barcelona),ESCAT0800000008759A,2026-09-08,1.93,41.39,310.0,33.1,22.3,74.0,35.0,,,44.0,0.0,26.4,60.0,348.0,4.0,0.0,xml_feed
Sant Sadurní d'Anoia (Barcelona),ESCAT0800000008770A,2026-09-08,1.78,41.43,170.0,33.8,19.3,93.0,39.0,1016.9,1008.1,45.0,0.0,26.4,64.0,205.0,0.0,0.0,xml_feed
La Font del Bosc Mediona (Barcelona),ESCAT0800000008773A,2026-09-08,1.66,41.48,553.0,32.9,20.3,92.0,43.0,1018.6,1011.9,23.0,0.0,24.0,60.0,159.0,2.0,0.0,xml_feed
Torrelavit (Barcelona),ESCAT0800000008775A,2026-09-08,1.69,41.43,266.0,33.0,19.6,96.0,48.0,1019.1,1011.7,32.0,0.0,24.7,73.0,232.0,0.0,0.0,xml_feed
Torrelavit (Barcelona),ESCAT0800000008775B,2026-09-08,1.73,41.45,,34.8,18.9,86.0,40.0,,,31.0,,25.0,67.0,112.0,0.0,,xml_feed
Sant Pere de Riudebitlles (Barcelona),ESCAT0800000008776A,2026-09-08,1.71,41.45,245.0,33.6,19.9,83.0,49.0,1018.2,1010.3,32.0,0.0,24.9,75.0,247.0,0.0,0.0,xml_feed
Sant Pere de Riudebitlles (Barcelona),ESCAT0800000008776B,2026-09-08,1.7,41.45,260.0,33.8,19.4,87.0,49.0,1019.3,1011.3,33.0,0.0,24.4,77.0,135.0,0.0,0.0,xml_feed
Sant Quintí de Mediona (Barcelona),ESCAT0800000008777A,2026-09-08,1.66,41.46,,32.7,18.4,85.0,50.0,1014.1,1006.3,31.0,,23.9,76.0,135.0,1.0,,xml_feed
La Beguda Alta (Barcelona),ESCAT0800000008782A,2026-09-08,1.84,41.5,285.0,34.6,20.2,92.0,32.0,1018.0,1010.0,32.0,0.0,26.7,54.0,121.0,2.0,0.0,xml_feed
El Bedorc - Piera (Barcelona),ESCAT0800000008784C,2026-09-08,1.72,41.5,220.0,34.6,18.2,87.0,42.0,1022.4,1014.3,35.0,0.0,24.2,75.0,120.0,0.0,0.0,xml_feed
Piera  (Barcelona),ESCAT0800000008784D,2026-09-08,1.75,41.52,312.0,33.4,18.4,82.0,44.0,1021.1,1012.6,35.0,0.0,25.4,66.0,113.0,2.0,0.0,xml_feed
Piera (Barcelona),ESCAT0800000008784E,2026-09-08,1.75,41.52,310.0,34.5,20.0,76.0,37.0,1019.1,1011.2,37.0,0.0,26.1,56.0,41.0,0.0,0.0,xml_feed
Vallbona d'Anoia (Barcelona),ESCAT0800000008785A,2026-09-08,1.71,41.52,289.0,34.2,17.5,81.0,42.0,1019.7,1011.0,24.0,0.0,24.8,65.0,104.0,0.0,0.0,xml_feed
Carme (Barcelona),ESCAT0800000008787A,2026-09-08,1.62,41.53,350.0,35.8,16.1,86.0,27.0,1023.2,1014.1,39.0,0.0,23.8,69.0,202.0,0.0,0.0,xml_feed
Gelida - Institut (Barcelona),ESCAT0800000008790B,2026-09-08,1.86,41.44,141.0,35.1,20.4,81.0,37.0,1019.8,1011.3,,0.0,27.1,54.0,,,0.0,xml_feed
La Granada (Barcelona),ESCAT0800000008792A,2026-09-08,1.71,41.38,260.0,34.4,20.0,99.0,41.0,1018.1,1010.1,24.0,0.0,25.0,71.0,180.0,0.0,0.0,xml_feed
Vilanova i la Geltrú (Barcelona),ESCAT0800000008800F,2026-09-08,1.72,41.22,16.0,30.2,23.8,89.0,73.0,1016.5,1008.5,23.0,0.0,27.0,76.0,280.0,2.0,0.0,xml_feed
El Prat-Zonilla (Barcelona),ESCAT0800000008820D,2026-09-08,2.08,41.32,4.0,30.5,22.0,82.0,62.0,1020.5,1011.7,32.0,0.0,28.1,76.0,225.0,0.0,0.0,xml_feed
Sant Boi - Molí Nou (Barcelona),ESCAT0800000008830B,2026-09-08,2.03,41.37,26.0,30.8,21.9,75.0,40.0,1019.4,1010.4,35.0,0.0,27.9,67.0,45.0,5.0,0.0,xml_feed
Sant Boi de Llobregat (Barcelona),ESCAT0800000008830C,2026-09-08,2.03,41.35,50.0,31.0,22.2,82.0,40.0,1019.1,1010.5,35.0,0.0,28.2,63.0,242.0,0.0,0.0,xml_feed
Sant Boi Ll. - Marianao (Barcelona),ESCAT0800000008830E,2026-09-08,2.03,41.35,36.0,31.7,22.8,78.0,45.0,1019.6,1011.0,28.0,0.0,28.5,70.0,67.0,2.0,0.0,xml_feed
Viladecans (Barcelona),ESCAT0800000008840A,2026-09-08,2.01,41.32,53.0,30.9,23.4,82.0,41.0,1019.9,1010.9,30.0,0.0,27.8,68.0,0.0,3.0,0.0,xml_feed
Sant Climent de Llobregat (Barcelona),ESCAT0800000008849C,2026-09-08,1.99,41.34,80.0,32.5,20.5,81.0,32.0,1017.7,1008.8,26.0,0.0,27.1,55.0,100.0,2.0,0.0,xml_feed
Gavà.  La Bòbila (Barcelona),ESCAT0800000008850A,2026-09-08,2.0,41.31,45.0,30.4,23.2,87.0,45.0,1017.8,1009.6,35.0,0.0,28.3,75.0,202.0,3.0,0.0,xml_feed
Gavà - Gavà Nova (Barcelona),ESCAT0800000008850C,2026-09-08,1.99,41.31,40.0,32.6,23.5,82.0,41.0,1021.1,1012.5,17.0,0.0,28.1,68.0,107.0,0.0,0.0,xml_feed
Castelldefels - Bellamar (Barcelona),ESCAT0800000008860A,2026-09-08,1.95,41.27,20.0,31.6,24.7,90.0,38.0,1020.3,1012.1,17.0,0.0,27.7,74.0,25.0,0.0,0.0,xml_feed
Castelldefels - Platja (Barcelona),ESCAT0800000008860B,2026-09-08,1.96,41.27,2.0,29.6,24.6,90.0,55.0,1020.7,1011.7,33.0,0.0,28.1,79.0,31.0,3.0,0.0,xml_feed
Sitges (Barcelona),ESCAT0800000008870D,2026-09-08,1.8,41.24,15.0,30.4,24.8,85.0,69.0,1019.0,1011.1,18.0,0.0,28.3,75.0,265.0,2.0,0.0,xml_feed
Sitges (Barcelona),ESCAT0800000008870E,2026-09-08,1.81,41.24,25.0,29.3,24.5,89.0,70.0,1020.6,1012.9,18.0,0.0,27.8,77.0,274.0,1.0,0.0,xml_feed
L'Hospitalet de Llobregat (Barcelona),ESCAT0800000008901D,2026-09-08,2.1,41.36,20.0,32.1,24.1,73.0,57.0,1015.9,1007.8,28.0,0.0,28.1,72.0,131.0,1.0,0.0,xml_feed
Sant Boi - C. Cooperativa (Barcelona),ESCAT0800000008903D,2026-09-08,2.03,41.36,41.0,30.9,21.9,77.0,39.0,1019.9,1010.8,40.0,0.0,28.0,61.0,45.0,5.0,0.0,xml_feed
Badalona - Dalt la Vila (Barcelona),ESCAT0800000008911C,2026-09-08,2.26,41.46,37.0,30.9,23.3,85.0,52.0,1021.3,1012.3,30.0,0.0,28.5,76.0,153.0,2.0,0.0,xml_feed
Badalona - Centre (Barcelona),ESCAT0800000008912A,2026-09-08,2.25,41.45,30.0,30.6,24.1,84.0,53.0,1019.5,1011.4,27.0,0.0,28.3,78.0,96.0,6.0,0.0,xml_feed
Badalona - Progres (Barcelona),ESCAT0800000008912B,2026-09-08,2.24,41.45,27.0,31.2,24.5,82.0,52.0,1020.0,1011.2,27.0,0.0,28.4,78.0,68.0,5.0,0.0,xml_feed
Badalona- S.Antoni Llefià (Barcelona),ESCAT0800000008913B,2026-09-08,2.22,41.44,35.0,31.9,22.9,77.0,49.0,1018.4,1009.8,30.0,0.0,28.3,75.0,114.0,7.0,0.0,xml_feed
Badalona - Bufalà (Barcelona),ESCAT0800000008915A,2026-09-08,2.24,41.46,65.0,32.8,22.2,80.0,54.0,1018.4,1010.3,18.0,0.0,28.1,73.0,0.0,0.0,0.0,xml_feed
Badalona - BCIN (Barcelona),ESCAT0800000008915C,2026-09-08,2.26,41.46,81.0,30.3,24.3,87.0,60.0,1021.6,1013.7,48.0,0.0,27.7,80.0,115.0,9.0,0.0,xml_feed
Sant Esteve Sesrovires (Barcelona),ESCAT0800000008935A,2026-09-08,1.87,41.49,190.0,36.3,20.1,83.0,26.0,1015.0,1006.0,,0.0,26.8,41.0,,,0.0,xml_feed
Cornella de Llobregat (Barcelona),ESCAT0800000008940C,2026-09-08,2.08,41.36,47.0,30.5,22.3,74.0,57.0,1019.8,1011.5,35.0,0.0,27.6,72.0,112.0,1.0,0.0,xml_feed
Sant Feliu de Llobregat (Barcelona),ESCAT0800000008980A,2026-09-08,2.05,41.39,48.0,31.2,22.2,77.0,41.0,1023.6,1014.7,41.0,0.0,26.2,67.0,222.0,17.0,0.0,xml_feed
Sant Feliu Llob - Mestral (Barcelona),ESCAT0800000008980C,2026-09-08,2.05,41.39,112.0,30.9,21.2,82.0,38.0,1017.0,1008.2,34.0,0.0,26.9,58.0,42.0,5.0,0.0,xml_feed
Sant Feliu deLlob.S.Josep (Barcelona),ESCAT0800000008980D,2026-09-08,2.01,41.37,26.0,30.9,20.6,80.0,35.0,1019.1,1010.5,35.0,0.0,26.2,59.0,81.0,6.0,0.0,xml_feed
Pedraforca-PN CadíMoixeró (Barcelona),ESCAT0800000025716A,2026-09-08,1.7,42.24,2270.0,22.9,14.4,69.0,36.0,1030.3,1021.7,34.0,0.2,14.6,59.0,0.0,16.0,0.2,xml_feed
Girona - Marfà (Girona),ESCAT1700000017006A,2026-09-08,2.81,41.98,72.0,36.4,19.6,90.0,37.0,1019.3,1009.5,37.0,0.0,26.3,80.0,334.0,3.0,0.0,xml_feed
Girona-Fontajau (Girona),ESCAT1700000017007B,2026-09-08,2.82,41.99,76.0,36.7,20.1,83.0,28.0,1019.7,1010.0,26.0,0.0,25.8,77.0,234.0,0.0,0.0,xml_feed
La Bisbal d'Empordà - T (Girona),ESCAT1700000017100A,2026-09-08,3.04,41.96,60.0,36.5,21.0,86.0,35.0,1022.7,1012.6,39.0,0.0,25.9,83.0,247.0,1.0,0.0,xml_feed
La Bisbal d'Empordà (Girona),ESCAT1700000017100B,2026-09-08,3.04,41.95,44.0,37.3,19.7,88.0,38.0,1020.1,1010.3,29.0,0.0,25.9,85.0,225.0,0.0,0.0,xml_feed
La Bisbal d'Empordà LV (Girona),ESCAT1700000017100C,2026-09-08,3.04,41.96,40.0,36.7,19.3,83.0,37.0,1023.7,1014.2,22.0,0.0,24.5,82.0,225.0,2.0,0.0,xml_feed
Gavarres - Puig d'Arques (Girona),ESCAT1700000017116A,2026-09-08,3.0,41.89,475.0,30.9,22.5,88.0,41.0,1020.3,1012.2,42.0,0.0,23.1,78.0,337.0,5.0,0.0,xml_feed
L'Escala Closa d'en Llop (Girona),ESCAT1700000017130C,2026-09-08,3.13,42.12,35.0,38.1,20.8,88.0,33.0,1019.5,1010.4,27.0,0.0,25.4,76.0,277.0,2.0,0.0,xml_feed
L'Escala - Riells Centre (Girona),ESCAT1700000017130F,2026-09-08,3.14,42.11,4.0,38.3,21.0,83.0,27.0,1020.0,1010.7,24.0,0.0,25.6,66.0,238.0,3.0,0.0,xml_feed
Sobrestany (Girona),ESCAT1700000017141C,2026-09-08,3.12,42.08,25.0,39.1,19.9,95.0,35.0,1020.5,1011.1,29.0,0.0,25.0,82.0,219.0,0.0,0.0,xml_feed
Verges (Girona),ESCAT1700000017142A,2026-09-08,3.05,42.06,15.0,37.0,19.3,89.0,33.0,1018.4,1008.8,37.0,0.0,25.5,73.0,319.0,2.0,0.0,xml_feed
Verges Ponent (Girona),ESCAT1700000017142C,2026-09-08,3.05,42.06,27.0,36.9,20.5,88.0,33.0,1017.6,1007.6,40.0,0.0,25.3,74.0,0.0,6.0,0.0,xml_feed
Sant Gregori (Girona),ESCAT1700000017150A,2026-09-08,2.76,41.99,112.0,37.6,18.6,89.0,32.0,1019.0,1009.2,39.0,0.0,25.9,80.0,275.0,2.0,0.0,xml_feed
Bescanó (Girona),ESCAT1700000017162A,2026-09-08,2.74,41.96,100.0,36.1,19.4,84.0,31.0,1019.5,1009.8,40.0,0.0,26.3,77.0,44.0,2.0,0.0,xml_feed
Montfullà (Girona),ESCAT1700000017162C,2026-09-08,2.76,41.96,180.0,36.2,20.8,85.0,35.0,1019.5,1010.1,29.0,0.0,25.4,82.0,67.0,0.0,0.0,xml_feed
El Pasteral  (Girona),ESCAT1700000017166E,2026-09-08,2.61,41.99,172.0,39.0,17.4,99.0,27.0,1018.4,1008.6,31.0,0.3,22.6,95.0,90.0,0.0,0.3,xml_feed
Sant Feliu de Pallerols (Girona),ESCAT1700000017174A,2026-09-08,2.51,42.08,488.0,36.1,16.5,96.0,20.0,1018.4,1009.3,55.0,7.0,19.7,96.0,283.0,2.0,7.0,xml_feed
Sant Esteve d'en Bas (Girona),ESCAT1700000017176B,2026-09-08,2.46,42.12,,36.2,18.2,95.0,22.0,1020.2,1011.6,35.0,,19.9,95.0,210.0,0.0,,xml_feed
La Vall d'en Bas - Mallol (Girona),ESCAT1700000017178B,2026-09-08,2.44,42.15,462.0,35.4,16.3,93.0,27.0,1016.3,1006.3,43.0,1.2,20.6,91.0,201.0,0.0,1.2,xml_feed
Vilablareix (Girona),ESCAT1700000017180A,2026-09-08,2.79,41.95,107.0,35.7,20.6,89.0,40.0,1020.5,1010.7,37.0,0.0,26.2,81.0,229.0,2.0,0.0,xml_feed
Vilablareix - Centre (Girona),ESCAT1700000017190B,2026-09-08,2.81,41.95,100.0,35.4,20.4,87.0,34.0,1018.7,1009.3,41.0,0.0,26.2,76.0,213.0,3.0,0.0,xml_feed
Canet d'Adri - Centre (Girona),ESCAT1700000017199A,2026-09-08,2.74,42.03,225.0,36.3,20.9,83.0,27.0,1019.3,1010.0,35.0,0.0,23.7,83.0,200.0,1.0,0.0,xml_feed
Canet d'Adri- Can Vicens (Girona),ESCAT1700000017199D,2026-09-08,2.75,42.04,190.0,37.6,19.7,89.0,35.0,1020.2,1010.6,35.0,0.0,24.9,87.0,315.0,0.0,0.0,xml_feed
Palafrugell (Girona),ESCAT1700000017200C,2026-09-08,3.16,41.91,45.0,31.1,21.1,84.0,56.0,1019.4,1010.2,55.0,0.0,26.3,79.0,180.0,0.0,0.0,xml_feed
Palafrugell Joan Capri 93 (Girona),ESCAT1700000017200H,2026-09-08,3.15,41.93,75.0,30.2,21.3,85.0,49.0,1020.2,1011.4,40.0,0.0,25.6,80.0,337.0,0.0,0.0,xml_feed
Sant Feliu de Guíxols (Girona),ESCAT1700000017220B,2026-09-08,3.03,41.79,57.0,30.9,22.2,87.0,51.0,1021.1,1012.2,50.0,0.0,26.5,81.0,126.0,4.0,0.0,xml_feed
Palamós - Sant Joan (Girona),ESCAT1700000017230C,2026-09-08,3.12,41.86,30.0,30.1,20.4,86.0,56.0,1019.5,1010.7,37.0,0.0,25.5,80.0,2.0,4.0,0.0,xml_feed
Palamós - La Fosca (Girona),ESCAT1700000017230D,2026-09-08,3.14,41.86,20.0,30.1,20.9,85.0,69.0,1019.3,1010.8,50.0,0.0,25.8,81.0,82.0,3.0,0.0,xml_feed
Palamós (Girona),ESCAT1700000017230E,2026-09-08,3.13,41.84,17.0,28.8,22.0,86.0,68.0,1017.7,1009.1,55.0,0.0,25.9,80.0,44.0,4.0,0.0,xml_feed
Llagostera - Panedes (Girona),ESCAT1700000017240C,2026-09-08,2.92,41.84,140.0,35.0,13.8,99.0,39.0,1018.6,1011.1,24.0,0.0,23.2,88.0,135.0,0.0,0.0,xml_feed
Cadiretes - Selva Brava (Girona),ESCAT1700000017240D,2026-09-08,2.92,41.77,200.0,33.3,18.5,94.0,36.0,,,28.0,0.0,24.5,85.0,247.0,1.0,0.0,xml_feed
Llagostera (Girona),ESCAT1700000017240F,2026-09-08,2.9,41.83,131.0,33.9,18.6,92.0,40.0,1019.8,1010.4,40.0,0.0,26.2,78.0,147.0,5.0,0.0,xml_feed
Llagostera - Municipal (Girona),ESCAT1700000017240G,2026-09-08,2.88,41.83,120.0,33.3,16.6,94.0,37.0,1020.3,1011.0,47.0,0.0,25.2,78.0,151.0,2.0,0.0,xml_feed
Llagostera - Cadiretes (Girona),ESCAT1700000017240H,2026-09-08,2.93,41.76,505.0,27.1,21.9,92.0,33.0,1020.4,1013.1,68.0,0.0,21.9,92.0,112.0,13.0,0.0,xml_feed
Platja d'Aro - ISCB (Girona),ESCAT1700000017250A,2026-09-08,3.06,41.82,65.0,31.1,20.9,81.0,40.0,1019.8,1011.3,30.0,0.0,24.7,80.0,295.0,3.0,0.0,xml_feed
Calonge - Vall des Molins (Girona),ESCAT1700000017251A,2026-09-08,3.02,41.85,,35.5,18.5,99.0,36.0,1018.3,1009.8,,,23.8,93.0,,,,xml_feed
Calonge (Girona),ESCAT1700000017251B,2026-09-08,3.08,41.86,16.0,34.3,19.8,88.0,39.0,1017.6,1008.9,53.0,0.0,25.9,78.0,113.0,1.0,0.0,xml_feed
Calonge i Sant Antoni (Girona),ESCAT1700000017252A,2026-09-08,3.1,41.87,33.0,31.9,20.4,89.0,53.0,1022.0,1012.9,42.0,0.0,25.1,83.0,180.0,0.0,0.0,xml_feed
Torroella de Montgrí-Ajt. (Girona),ESCAT1700000017257C,2026-09-08,3.13,42.04,29.0,35.9,21.1,85.0,35.0,1020.1,1011.1,39.0,0.0,25.7,84.0,303.0,3.0,0.0,xml_feed
L'Estartit - Roca Maura (Girona),ESCAT1700000017258C,2026-09-08,3.19,42.06,221.0,34.4,23.7,90.0,51.0,1017.8,1009.0,56.0,0.0,24.5,84.0,280.0,3.0,0.0,xml_feed
Lloret de Mar - Platja (Girona),ESCAT1700000017310A,2026-09-08,2.85,41.7,4.0,28.7,21.6,92.0,72.0,,,37.0,0.0,26.4,83.0,86.0,4.0,0.0,xml_feed
Lloret de Mar-Fenals (Girona),ESCAT1700000017310B,2026-09-08,2.82,41.7,20.0,30.5,18.7,94.0,59.0,1017.4,1008.4,32.0,0.0,28.1,78.0,261.0,0.0,0.0,xml_feed
Breda (Girona),ESCAT1700000017400A,2026-09-08,2.56,41.75,165.0,35.7,20.4,77.0,36.0,1020.4,1009.8,,0.0,26.8,67.0,,,0.0,xml_feed
El Colls 1 (Girona),ESCAT1700000017401B,2026-09-08,2.47,41.81,,36.5,20.8,80.0,23.0,1021.6,1013.4,17.0,,21.5,80.0,313.0,0.0,,xml_feed
Espinelves (Girona),ESCAT1700000017405A,2026-09-08,2.42,41.87,750.0,34.9,15.4,83.0,21.0,1015.7,1007.0,27.0,0.0,22.8,72.0,205.0,5.0,0.0,xml_feed
Sils - MYC5 (Girona),ESCAT1700000017410B,2026-09-08,2.77,41.8,88.0,35.6,18.3,93.0,38.0,1018.0,1011.4,18.0,0.0,25.7,75.0,67.0,0.0,0.0,xml_feed
Vidreres - Can MassaSuria (Girona),ESCAT1700000017411C,2026-09-08,2.8,41.78,,34.0,16.4,98.0,42.0,1019.0,1010.1,26.0,0.0,25.2,75.0,90.0,4.0,0.0,xml_feed
Riudarenes-Cultius Brugat (Girona),ESCAT1700000017421A,2026-09-08,2.71,41.84,96.0,36.0,17.2,97.0,32.0,1016.0,1006.7,31.0,0.0,25.3,81.0,0.0,0.0,0.0,xml_feed
Grions - Can Puigmari (Girona),ESCAT1700000017451A,2026-09-08,2.61,41.76,143.0,36.9,18.7,84.0,29.0,1019.0,1008.9,33.0,0.0,26.4,70.0,22.0,1.0,0.0,xml_feed
Riells - Cultius Ponç (Girona),ESCAT1700000017451B,2026-09-08,2.57,41.73,80.0,36.4,17.5,86.0,33.0,,,35.0,0.0,26.6,70.0,90.0,3.0,0.0,xml_feed
Grions (Girona),ESCAT1700000017451C,2026-09-08,2.62,41.76,83.0,36.3,17.0,90.0,32.0,1019.6,1009.5,,0.0,26.8,72.0,,,0.0,xml_feed
Massanes - Barri Marques (Girona),ESCAT1700000017452A,2026-09-08,2.65,41.75,58.0,37.0,15.7,99.0,27.0,1019.0,1008.9,40.0,0.0,26.6,72.0,22.0,4.0,0.0,xml_feed
Caldes - Can Carbonell (Girona),ESCAT1700000017455A,2026-09-08,2.85,41.8,165.0,32.1,17.6,89.0,41.0,1019.5,1010.3,42.0,0.0,25.0,78.0,117.0,2.0,0.0,xml_feed
Caldes - Can Gimferrer (Girona),ESCAT1700000017455B,2026-09-08,2.77,41.83,100.0,34.7,17.3,91.0,45.0,1020.4,1010.9,40.0,0.0,26.0,75.0,45.0,0.0,0.0,xml_feed
Caldes - Mas Carbonell (Girona),ESCAT1700000017455C,2026-09-08,2.86,41.79,175.0,32.1,17.5,97.0,43.0,1018.7,1010.3,36.0,0.0,24.5,84.0,157.0,3.0,0.0,xml_feed
Caldes - Can Solà Gros (Girona),ESCAT1700000017455D,2026-09-08,2.81,41.86,115.0,34.8,17.8,98.0,44.0,1020.4,1011.1,17.0,0.0,25.2,82.0,0.0,0.0,0.0,xml_feed
Riudellots - Can Jordi  (Girona),ESCAT1700000017457B,2026-09-08,2.78,41.9,137.0,35.8,19.6,86.0,36.0,1020.0,1011.0,40.0,0.0,25.9,78.0,0.0,0.0,0.0,xml_feed
Celrà (Girona),ESCAT1700000017460B,2026-09-08,2.88,42.02,71.0,36.3,20.5,83.0,30.0,1016.6,1006.9,35.0,0.0,24.0,79.0,163.0,0.0,0.0,xml_feed
Bordils - Cultius MasCuní (Girona),ESCAT1700000017462B,2026-09-08,2.9,42.04,44.0,36.4,19.0,96.0,36.0,1020.0,1010.1,33.0,0.0,23.8,87.0,270.0,0.0,0.0,xml_feed
Bordils - Casa Paraire (Girona),ESCAT1700000017462C,2026-09-08,2.9,42.03,,38.1,19.4,96.0,34.0,1018.3,1008.1,20.0,,23.8,87.0,315.0,0.0,,xml_feed
Les Olives (Girona),ESCAT1700000017466A,2026-09-08,3.02,42.11,88.0,39.4,21.5,87.0,29.0,1018.8,1009.3,18.0,0.0,24.8,83.0,225.0,2.0,0.0,xml_feed
Sant Mori (Girona),ESCAT1700000017467A,2026-09-08,2.99,42.16,51.0,37.1,19.4,96.0,31.0,1022.1,1012.7,31.0,2.0,22.6,91.0,304.0,4.0,2.0,xml_feed
Sant Miquel de Fluvià (Girona),ESCAT1700000017475A,2026-09-08,2.99,42.18,28.0,38.2,18.8,95.0,32.0,1018.5,1009.0,32.0,2.8,22.5,94.0,287.0,8.0,2.8,xml_feed
Roses (Girona),ESCAT1700000017480A,2026-09-08,3.18,42.27,12.0,32.9,21.4,89.0,44.0,1018.5,1009.6,51.0,3.8,25.3,81.0,22.0,23.0,3.8,xml_feed
Medinyà (Girona),ESCAT1700000017482A,2026-09-08,2.86,42.05,52.0,36.6,22.3,80.0,31.0,1020.3,1010.4,35.0,0.0,24.3,79.0,334.0,5.0,0.0,xml_feed
Valleta (Girona),ESCAT1700000017490B,2026-09-08,3.11,42.35,65.0,34.4,20.2,91.0,32.0,1023.2,1015.0,33.0,0.3,24.1,86.0,105.0,0.0,0.3,xml_feed
Llançà  (Girona),ESCAT1700000017490E,2026-09-08,3.15,42.39,104.0,34.0,24.9,82.0,35.0,1016.6,1008.7,29.0,0.2,26.1,66.0,360.0,5.0,0.2,xml_feed
Cereja (Girona),ESCAT1700000017527A,2026-09-08,1.97,42.48,1334.0,29.1,14.7,74.0,33.0,1017.9,1009.6,63.0,0.0,18.6,65.0,39.0,0.0,0.0,xml_feed
Campdevànol - Escola (Girona),ESCAT1700000017530B,2026-09-08,2.17,42.23,730.0,34.5,14.3,89.0,25.0,1022.6,1014.2,42.0,0.6,19.4,88.0,135.0,0.0,0.6,xml_feed
Campdevànol- Vista Alegre (Girona),ESCAT1700000017530C,2026-09-08,2.16,42.23,780.0,34.8,13.8,88.0,23.0,1023.9,1015.8,31.0,0.7,19.7,83.0,135.0,0.0,0.7,xml_feed
Gombrèn (Girona),ESCAT1700000017531A,2026-09-08,2.09,42.25,915.0,32.9,16.4,77.0,29.0,1018.7,1010.9,39.0,0.0,19.9,77.0,22.0,3.0,0.0,xml_feed
Queralbs - Coma de Vaca (Girona),ESCAT1700000017534E,2026-09-08,2.22,42.39,2010.0,23.0,10.6,86.0,34.0,1033.3,1024.9,61.0,5.2,14.6,74.0,157.0,2.0,5.2,xml_feed
Ribes de Freser - Serrat (Girona),ESCAT1700000017534F,2026-09-08,2.18,42.32,,30.4,16.4,89.0,33.0,,,61.0,,17.1,89.0,0.0,7.0,,xml_feed
Planoles - Càmping (Girona),ESCAT1700000017535C,2026-09-08,2.1,42.32,1260.0,31.0,16.2,90.0,32.0,,,35.0,1.8,16.3,90.0,67.0,2.0,1.8,xml_feed
La Molina (Girona),ESCAT1700000017537A,2026-09-08,1.94,42.34,1650.0,30.1,16.9,65.0,29.0,,,18.0,0.0,18.7,65.0,0.0,3.0,0.0,xml_feed
Das (Girona),ESCAT1700000017538A,2026-09-08,1.87,42.36,1201.0,29.1,13.9,76.0,34.0,1026.2,1018.6,26.0,0.0,20.3,65.0,37.0,0.0,0.0,xml_feed
Queixans - La Cerdanya (Girona),ESCAT1700000017538B,2026-09-08,1.92,42.4,1124.0,30.2,11.3,86.0,34.0,1020.3,1011.5,56.0,0.0,19.7,73.0,78.0,3.0,0.0,xml_feed
Bolvir (Girona),ESCAT1700000017539A,2026-09-08,1.89,42.42,1145.0,32.1,10.8,86.0,26.0,1020.4,1011.1,42.0,0.0,19.7,68.0,0.0,0.0,0.0,xml_feed
Ger (Girona),ESCAT1700000017539B,2026-09-08,1.85,42.41,1134.0,32.6,9.6,97.0,29.0,,,24.0,0.0,17.8,79.0,121.0,0.0,0.0,xml_feed
Figueres - Nord (Girona),ESCAT1700000017600A,2026-09-08,2.96,42.27,45.0,36.7,20.2,88.0,27.0,1019.7,1010.8,29.0,1.2,24.6,65.0,293.0,6.0,1.2,xml_feed
Figueres - La Cate (Girona),ESCAT1700000017600B,2026-09-08,2.96,42.27,65.0,34.2,21.6,75.0,35.0,1018.6,1009.7,42.0,1.0,25.7,65.0,0.0,11.0,1.0,xml_feed
La Jonquera (Girona),ESCAT1700000017700A,2026-09-08,2.87,42.42,112.0,34.8,20.5,79.0,37.0,,,42.0,0.2,25.8,61.0,0.0,15.0,0.2,xml_feed
La Jonquera (centre Vila) (Girona),ESCAT1700000017700B,2026-09-08,2.87,42.42,112.0,35.0,20.5,82.0,31.0,1016.1,1008.7,51.0,0.3,25.9,57.0,322.0,9.0,0.3,xml_feed
Agullana  (Girona),ESCAT1700000017707A,2026-09-08,2.85,42.39,170.0,35.8,21.6,81.0,34.0,1015.8,1007.6,42.0,0.2,24.8,66.0,118.0,10.0,0.2,xml_feed
Darnius (Girona),ESCAT1700000017722A,2026-09-08,2.83,42.37,198.0,37.4,19.0,87.0,35.0,1018.8,1009.9,44.0,0.2,24.3,71.0,317.0,3.0,0.2,xml_feed
Llers (Girona),ESCAT1700000017730A,2026-09-08,2.91,42.29,164.0,35.4,20.7,82.0,32.0,1020.1,1011.8,31.0,0.5,25.1,63.0,9.0,21.0,0.5,xml_feed
Albanyà - Can Rossinyol (Girona),ESCAT1700000017733B,2026-09-08,2.72,42.3,239.0,38.9,18.3,95.0,23.0,1020.6,1011.2,42.0,2.6,21.6,95.0,360.0,0.0,2.6,xml_feed
Sant Climent Sescebes (Girona),ESCAT1700000017751A,2026-09-08,2.98,42.37,82.0,36.4,20.1,83.0,34.0,1018.3,1009.4,34.0,0.2,26.1,66.0,254.0,10.0,0.2,xml_feed
Borrassà (Girona),ESCAT1700000017770B,2026-09-08,2.93,42.22,73.0,37.3,21.1,87.0,37.0,1019.2,1010.2,44.0,10.4,23.8,79.0,270.0,8.0,10.4,xml_feed
Olot - Pla de Dalt (Girona),ESCAT1700000017800A,2026-09-08,2.47,42.19,,36.0,16.7,90.0,23.0,1018.7,1009.4,39.0,0.0,20.6,86.0,166.0,2.0,0.0,xml_feed
Olot-SPM (Girona),ESCAT1700000017800B,2026-09-08,2.48,42.18,489.0,36.5,19.0,85.0,22.0,1022.2,1013.0,42.0,0.0,21.4,84.0,235.0,2.0,0.0,xml_feed
Olot - Costa del Gegant (Girona),ESCAT1700000017800D,2026-09-08,2.5,42.17,509.0,36.8,16.6,94.0,22.0,1018.1,1008.8,34.0,1.8,20.0,94.0,283.0,0.0,1.8,xml_feed
Banyoles - INS el Pla (Girona),ESCAT1700000017820B,2026-09-08,2.77,42.11,170.0,37.0,20.8,90.0,33.0,1019.6,1010.2,34.0,0.6,23.1,90.0,360.0,2.0,0.6,xml_feed
Mieres (Girona),ESCAT1700000017830A,2026-09-08,2.64,42.13,286.0,40.2,16.3,98.0,28.0,1020.3,1010.9,40.0,7.6,21.1,97.0,133.0,0.0,7.6,xml_feed
Porqueres (Mata) (Girona),ESCAT1700000017846B,2026-09-08,2.78,42.1,140.0,39.0,21.7,81.0,28.0,1018.9,1008.9,35.0,3.6,24.7,81.0,303.0,2.0,3.6,xml_feed
Castellfollit de la Roca (Girona),ESCAT1700000017856A,2026-09-08,2.55,42.22,325.0,37.8,18.8,93.0,27.0,1021.1,1011.8,41.0,0.4,22.0,92.0,360.0,6.0,0.4,xml_feed
La Granadella (Lleida),ESCAT2500000025177A,2026-09-08,0.67,41.35,528.0,33.5,22.8,73.0,33.0,1018.6,1012.2,42.0,3.8,25.7,50.0,164.0,5.0,3.8,xml_feed
Lleida - Ciutat Jardí (Lleida),ESCAT2500000025199A,2026-09-08,0.58,41.63,207.0,36.8,21.6,68.0,28.0,1018.9,1010.2,,0.0,26.9,63.0,,,0.0,xml_feed
Lleida-Ciutat Jardí Pro2 (Lleida),ESCAT2500000025199B,2026-09-08,0.59,41.63,209.0,37.1,22.0,62.0,43.0,1018.8,1010.9,23.0,0.0,26.9,58.0,333.0,9.0,0.0,xml_feed
Bell-lloc d'Urgell (Lleida),ESCAT2500000025220A,2026-09-08,0.78,41.64,,36.6,19.6,83.0,35.0,1019.8,1011.7,24.0,,24.8,81.0,112.0,2.0,,xml_feed
Port del Comte 6Q3R (Lleida),ESCAT2500000025284E,2026-09-08,1.57,42.18,1788.0,23.6,16.7,63.0,29.0,1023.5,1015.5,42.0,1.4,18.2,58.0,180.0,15.0,1.4,xml_feed
Pradell de Sió (Lleida),ESCAT2500000025316A,2026-09-08,1.03,41.8,316.0,37.2,20.2,46.0,14.0,1019.1,1010.4,24.0,0.0,24.4,44.0,0.0,0.0,0.0,xml_feed
Castellserà (Lleida),ESCAT2500000025334B,2026-09-08,0.99,41.74,265.0,38.0,23.4,69.0,23.0,1019.7,1011.1,30.0,0.0,24.9,68.0,135.0,0.0,0.0,xml_feed
Els Omellons (Lleida),ESCAT2500000025412A,2026-09-08,0.96,41.5,410.0,38.9,21.4,82.0,33.0,1022.8,1015.3,18.0,0.0,24.5,76.0,107.0,3.0,0.0,xml_feed
Els Omellons (Lleida),ESCAT2500000025412C,2026-09-08,0.96,41.5,410.0,38.9,21.4,82.0,33.0,1022.0,1014.7,18.0,0.0,24.5,76.0,107.0,3.0,0.0,xml_feed
Juneda - Plaça Església (Lleida),ESCAT2500000025430B,2026-09-08,0.83,41.55,,36.2,21.9,78.0,31.0,1021.0,1013.0,30.0,,26.3,70.0,135.0,4.0,,xml_feed
L'Albi (Lleida),ESCAT2500000025450A,2026-09-08,0.94,41.43,530.0,34.2,18.4,,,1017.0,1010.0,75.0,3.8,23.2,,107.0,7.0,3.8,xml_feed
Cervià de les Garrigues (Lleida),ESCAT2500000025460B,2026-09-08,0.86,41.42,444.0,35.3,18.3,95.0,29.0,1017.6,1009.6,42.0,2.4,22.4,82.0,135.0,0.0,2.4,xml_feed
La Torre de Cabdella  (Lleida),ESCAT2500000025515A,2026-09-08,0.99,42.47,1425.0,30.3,17.5,58.0,29.0,1035.8,1028.1,28.0,0.0,19.9,50.0,45.0,0.0,0.0,xml_feed
Erinya (Lleida),ESCAT2500000025515B,2026-09-08,-73.99,40.76,,33.8,19.3,55.0,26.0,1023.4,1015.1,24.0,0.0,24.9,44.0,281.0,0.0,0.0,xml_feed
Sant Martí de Canals (Lleida),ESCAT2500000025518A,2026-09-08,0.99,42.23,650.0,34.8,19.5,59.0,29.0,1019.0,1007.5,22.0,0.0,25.6,46.0,225.0,0.0,0.0,xml_feed
Barruera (Lleida),ESCAT2500000025527A,2026-09-08,0.8,42.5,1090.0,31.4,11.1,96.0,29.0,1017.2,1008.0,,0.0,17.1,83.0,,,0.0,xml_feed
Betren (Vielha e Mijaran) (Lleida),ESCAT2500000025530A,2026-09-08,0.8,42.7,980.0,33.9,13.9,80.0,22.0,1020.8,1013.1,30.0,0.0,18.2,65.0,170.0,1.0,0.0,xml_feed
Vilaller - Txambonet (Lleida),ESCAT2500000025552A,2026-09-08,0.72,42.48,980.0,33.0,12.5,80.0,26.0,,,35.0,0.0,20.5,59.0,337.0,0.0,0.0,xml_feed
Rubió (Lleida),ESCAT2500000025566A,2026-09-08,1.22,42.38,1714.0,27.7,15.9,76.0,26.0,1024.3,1017.5,55.0,0.2,18.6,48.0,69.0,4.0,0.2,xml_feed
Balaguer (Lleida),ESCAT2500000025600A,2026-09-08,0.81,41.79,235.0,36.1,21.4,71.0,27.0,1017.6,1008.9,24.0,0.0,25.8,65.0,62.0,5.0,0.0,xml_feed
Suterranya (Lleida),ESCAT2500000025654B,2026-09-08,0.95,42.15,561.0,34.8,18.5,62.0,27.0,1016.7,1008.7,26.0,0.3,28.2,42.0,122.0,5.0,0.3,xml_feed
Figuerola d'Orcau (Lleida),ESCAT2500000025655B,2026-09-08,1.0,42.13,550.0,34.8,16.4,73.0,31.0,1019.6,1010.6,26.0,0.2,26.8,51.0,270.0,3.0,0.2,xml_feed
La Seu d'Urgell (Lleida),ESCAT2500000025700A,2026-09-08,1.47,42.36,,35.0,13.0,91.0,32.0,1023.1,1014.3,31.0,,20.8,72.0,180.0,0.0,,xml_feed
Gósol (Lleida),ESCAT2500000025716A,2026-09-08,1.66,42.24,1445.0,28.9,15.6,78.0,30.0,1029.3,1021.8,13.0,0.3,17.4,69.0,45.0,1.0,0.3,xml_feed
Tuixent (Lleida),ESCAT2500000025717A,2026-09-08,1.57,42.23,,31.4,15.8,52.0,19.0,1019.1,1010.6,0.0,,21.9,45.0,0.0,0.0,,xml_feed
Sta Magdalena de Serinyà (Lleida),ESCAT2500000025720A,2026-09-08,1.77,42.34,1230.0,29.6,14.9,68.0,31.0,1016.7,1007.8,68.0,0.0,20.4,64.0,90.0,0.0,0.0,xml_feed
Bellver de Cerdanya (Lleida),ESCAT2500000025720B,2026-09-08,1.77,42.36,1080.0,33.0,11.2,89.0,25.0,1022.5,1014.3,40.0,0.0,20.1,66.0,90.0,0.0,0.0,xml_feed
Artesa de Segre (Lleida),ESCAT2500000025730C,2026-09-08,1.04,41.89,330.0,36.4,17.2,81.0,24.0,1020.8,1012.4,30.0,0.0,24.7,60.0,181.0,0.0,0.0,xml_feed
Coll de Nargó (Lleida),ESCAT2500000025793A,2026-09-08,1.32,42.17,575.0,33.7,17.1,66.0,30.0,1021.0,1010.1,29.0,0.2,23.3,56.0,73.0,2.0,0.2,xml_feed
Fígols i Alinyà-Canelles (Lleida),ESCAT2500000025794A,2026-09-08,1.36,42.18,600.0,35.8,14.9,78.0,25.0,,,28.0,0.3,20.6,78.0,112.0,0.0,0.3,xml_feed
Tarragona-Fortí St.Jordi (Tarragona),ESCAT4300000043003B,2026-09-08,1.27,41.12,35.0,28.6,24.7,76.0,57.0,1019.6,1011.8,23.0,0.0,27.3,62.0,221.0,3.0,0.0,xml_feed
Constantí (Tarragona),ESCAT4300000043120A,2026-09-08,1.21,41.15,87.0,30.4,22.4,95.0,65.0,1019.2,1011.2,28.0,0.0,26.4,80.0,88.0,0.0,0.0,xml_feed
Vallmoll (Tarragona),ESCAT4300000043144A,2026-09-08,1.25,41.26,205.0,32.2,21.7,79.0,59.0,1021.6,1012.8,24.0,0.0,24.8,76.0,38.0,0.0,0.0,xml_feed
Els Pallaresos (Tarragona),ESCAT4300000043151C,2026-09-08,1.27,41.18,125.0,30.7,21.8,95.0,63.0,1018.7,1010.2,19.0,0.2,25.2,81.0,225.0,0.0,0.2,xml_feed
Reus - Centre (Tarragona),ESCAT4300000043201A,2026-09-08,1.11,41.15,147.0,30.4,24.2,86.0,68.0,1017.9,1009.1,24.0,0.0,26.5,76.0,325.0,0.0,0.0,xml_feed
Reus - Carme (Tarragona),ESCAT4300000043201C,2026-09-08,1.11,41.15,136.0,31.5,24.3,89.0,63.0,1018.3,1010.3,17.0,0.0,26.9,73.0,261.0,1.0,0.0,xml_feed
Reus - Boca de la Mina (Tarragona),ESCAT4300000043202C,2026-09-08,1.09,41.16,151.0,33.1,20.8,93.0,61.0,1020.2,1011.3,19.0,0.0,24.9,84.0,318.0,0.0,0.0,xml_feed
Reus - Mas Abelló (Tarragona),ESCAT4300000043204C,2026-09-08,1.12,41.15,113.0,30.9,23.2,90.0,66.0,1020.4,1011.5,24.0,0.0,26.7,77.0,146.0,0.0,0.0,xml_feed
Reus - Antic Velòdrom (Tarragona),ESCAT4300000043205A,2026-09-08,1.1,41.15,106.0,31.5,24.1,91.0,65.0,1020.4,1012.2,24.0,0.0,26.9,74.0,282.0,2.0,0.0,xml_feed
Reus - Piscines Municipal (Tarragona),ESCAT4300000043206A,2026-09-08,1.09,41.15,135.0,31.3,21.4,91.0,62.0,1020.3,1011.3,19.0,0.0,25.1,80.0,307.0,3.0,0.0,xml_feed
Reus - Nord (Tarragona),ESCAT4300000043206B,2026-09-08,1.11,41.17,150.0,31.1,22.6,91.0,67.0,1017.2,1009.2,21.0,0.0,25.8,81.0,264.0,0.0,0.0,xml_feed
Riudoms (Tarragona),ESCAT4300000043330A,2026-09-08,1.05,41.14,130.0,32.2,20.3,91.0,63.0,1022.0,1013.0,18.0,0.0,24.1,90.0,0.0,5.0,0.0,xml_feed
Riudoms - Camí St Pau (Tarragona),ESCAT4300000043330E,2026-09-08,1.05,41.14,161.0,30.7,20.6,90.0,67.0,1018.8,1011.5,15.0,0.2,23.7,89.0,341.0,6.0,0.2,xml_feed
Cornudella de Montsant (Tarragona),ESCAT4300000043360B,2026-09-08,0.91,41.27,533.0,34.3,19.2,88.0,40.0,1021.3,1013.7,20.0,0.3,22.3,72.0,140.0,0.0,0.3,xml_feed
Cornudella IE Corbatera (Tarragona),ESCAT4300000043360C,2026-09-08,0.9,41.26,533.0,33.1,21.2,83.0,37.0,1022.4,1014.8,22.0,0.0,22.9,64.0,28.0,2.0,0.0,xml_feed
Prades - Xalet Calderón (Tarragona),ESCAT4300000043364A,2026-09-08,0.99,41.31,950.0,32.4,18.9,76.0,25.0,1017.8,1010.4,20.0,0.0,22.6,43.0,147.0,0.0,0.0,xml_feed
Cabassers (Tarragona),ESCAT4300000043373A,2026-09-08,0.75,41.25,606.0,36.3,23.4,76.0,35.0,1017.0,1009.5,40.0,0.0,26.2,45.0,114.0,14.0,0.0,xml_feed
La Vilella Baixa (Tarragona),ESCAT4300000043374A,2026-09-08,0.76,41.22,240.0,37.1,20.9,75.0,37.0,1024.4,1014.4,24.0,0.2,26.6,62.0,10.0,4.0,0.2,xml_feed
Almoster - Sud (Tarragona),ESCAT4300000043393C,2026-09-08,1.11,41.19,255.0,29.6,21.8,87.0,68.0,1019.6,1011.9,26.0,0.0,24.2,76.0,322.0,3.0,0.0,xml_feed
Almoster - Picarany (Tarragona),ESCAT4300000043393E,2026-09-08,1.1,41.2,348.0,29.7,22.5,96.0,63.0,1019.4,1011.1,23.0,0.0,24.7,77.0,278.0,0.0,0.0,xml_feed
Montblanc (Tarragona),ESCAT4300000043400B,2026-09-08,1.16,41.37,348.0,32.1,20.3,84.0,55.0,1018.5,1010.4,34.0,0.4,25.4,71.0,139.0,6.0,0.4,xml_feed
Belltall (Tarragona),ESCAT4300000043413A,2026-09-08,1.19,41.59,780.0,32.3,21.3,81.0,38.0,1017.0,1009.1,35.0,0.9,22.7,59.0,144.0,13.0,0.9,xml_feed
Conesa (Tarragona),ESCAT4300000043427A,2026-09-08,1.29,41.52,705.0,33.9,16.2,88.0,42.0,1017.3,1009.1,24.0,1.4,21.8,72.0,188.0,5.0,1.4,xml_feed
La Selva del Camp (INS) (Tarragona),ESCAT4300000043470A,2026-09-08,1.13,41.21,259.0,30.6,22.3,96.0,69.0,1019.3,1011.6,27.0,0.0,24.4,78.0,232.0,2.0,0.0,xml_feed
La Rápita (Tarragona),ESCAT4300000043540A,2026-09-08,0.59,40.62,65.0,32.4,24.1,92.0,68.0,1019.3,1010.6,23.0,0.0,27.6,75.0,180.0,0.0,0.0,xml_feed
Ulldecona - Pou Jua (Tarragona),ESCAT4300000043550A,2026-09-08,0.4,40.62,175.0,33.4,19.6,94.0,53.0,1015.2,1006.6,27.0,0.0,24.6,82.0,190.0,2.0,0.0,xml_feed
Ulldecona-S. Joan del Pas (Tarragona),ESCAT4300000043559A,2026-09-08,0.38,40.61,205.0,33.8,20.4,90.0,50.0,1017.7,1009.1,27.0,0.0,24.4,82.0,236.0,5.0,0.0,xml_feed
La Sénia (Tarragona),ESCAT4300000043560A,2026-09-08,0.28,40.64,370.0,30.9,21.6,80.0,48.0,1018.0,1010.4,26.0,0.0,24.0,80.0,90.0,5.0,0.0,xml_feed
La Sénia - Boveral (Tarragona),ESCAT4300000043560B,2026-09-08,0.29,40.65,430.0,35.3,20.7,79.0,42.0,1019.8,1011.4,28.0,0.0,22.9,78.0,69.0,6.0,0.0,xml_feed
La Sénia - Font Ferrera (Tarragona),ESCAT4300000043560C,2026-09-08,0.2,40.73,1157.0,29.0,17.6,95.0,25.0,1019.8,1010.2,17.0,0.6,22.6,55.0,133.0,7.0,0.6,xml_feed
El Vendrell - Televisió (Tarragona),ESCAT4300000043700B,2026-09-08,1.54,41.23,,29.6,21.9,86.0,71.0,1019.3,1011.4,24.0,,26.4,72.0,45.0,1.0,,xml_feed
Banyeres del Penedès (Tarragona),ESCAT4300000043711A,2026-09-08,1.58,41.28,150.0,31.6,21.4,93.0,63.0,1021.9,1013.3,27.0,0.0,25.0,83.0,0.0,0.0,0.0,xml_feed
Pla de Manlleu  (Tarragona),ESCAT4300000043714A,2026-09-08,1.5,41.37,480.0,34.3,16.5,76.0,33.0,1019.8,1012.1,22.0,0.0,23.5,60.0,152.0,0.0,0.0,xml_feed
Bonany-Cal Pau(Querol) (Tarragona),ESCAT4300000043715A,2026-09-08,1.47,41.39,606.0,33.6,15.7,76.0,32.0,1022.3,1014.9,31.0,0.0,22.3,63.0,292.0,2.0,0.0,xml_feed
Bellvei (Tarragona),ESCAT4300000043719A,2026-09-08,1.58,41.24,107.0,30.2,21.9,99.0,73.0,1020.2,1011.3,20.0,0.0,25.1,90.0,135.0,0.0,0.0,xml_feed
Bellvei - Baronia de Mar (Tarragona),ESCAT4300000043719B,2026-09-08,1.56,41.21,120.0,29.9,21.9,96.0,73.0,1019.9,1011.4,18.0,0.0,26.3,82.0,79.0,2.0,0.0,xml_feed
L'Arboç  (Tarragona),ESCAT4300000043720D,2026-09-08,1.61,41.28,166.0,31.4,21.6,97.0,56.0,1020.1,1012.0,0.0,0.0,25.8,81.0,216.0,0.0,0.0,xml_feed
L'Arboç Can Suriol (Tarragona),ESCAT4300000043720F,2026-09-08,1.59,41.27,135.0,31.4,21.9,97.0,64.0,1020.2,1011.8,21.0,0.0,25.4,88.0,133.0,0.0,0.0,xml_feed
Falset (Tarragona),ESCAT4300000043730C,2026-09-08,0.83,41.15,370.0,35.6,18.8,84.0,41.0,1017.6,1009.6,13.0,0.2,23.6,74.0,360.0,0.0,0.2,xml_feed
Falset - Les Torres (Tarragona),ESCAT4300000043730D,2026-09-08,0.84,41.14,570.0,33.7,22.8,86.0,39.0,1015.8,1007.8,21.0,0.0,24.4,61.0,0.0,0.0,0.0,xml_feed
Falset - les Esplanes (Tarragona),ESCAT4300000043730F,2026-09-08,0.8,41.15,320.0,35.8,18.2,79.0,39.0,1018.8,1010.8,19.0,0.2,24.1,68.0,96.0,0.0,0.2,xml_feed
Falset - els Masos (Tarragona),ESCAT4300000043730G,2026-09-08,0.83,41.17,375.0,33.8,20.3,,,1018.9,1010.7,18.0,0.0,24.6,,26.0,5.0,0.0,xml_feed
Darmós  (Tarragona) (Tarragona),ESCAT4300000043746D,2026-09-08,0.75,41.07,185.0,34.3,21.9,86.0,41.0,1018.8,1010.6,28.0,0.0,26.2,64.0,140.0,8.0,0.0,xml_feed
El Catllar (Tarragona),ESCAT4300000043764A,2026-09-08,1.33,41.18,55.0,30.2,20.3,87.0,70.0,1020.5,1011.9,,0.0,24.6,84.0,,,0.0,xml_feed
Els Guiamets (Tarragona),ESCAT4300000043777B,2026-09-08,0.75,41.1,230.0,36.4,22.0,88.0,44.0,1015.3,1007.9,37.0,0.0,26.6,68.0,58.0,1.0,0.0,xml_feed
Vinebre (Tarragona),ESCAT4300000043792A,2026-09-08,0.59,41.18,39.0,37.5,23.7,89.0,44.0,1020.2,1009.8,30.0,0.0,27.9,65.0,157.0,2.0,0.0,xml_feed
Querol (poble) (Tarragona),ESCAT4300000043816B,2026-09-08,1.4,41.42,560.0,33.1,19.6,94.0,46.0,1021.9,1014.9,26.0,0.0,23.9,64.0,287.0,2.0,0.0,xml_feed
Torredembarra - C/Pandols (Tarragona),ESCAT4300000043830A,2026-09-08,1.4,41.14,5.0,29.8,22.8,86.0,69.0,1019.5,1011.0,15.0,0.0,26.8,75.0,330.0,0.0,0.0,xml_feed
Salou - Barenys (Tarragona),ESCAT4300000043840A,2026-09-08,1.13,41.08,33.0,30.7,23.2,93.0,66.0,1021.8,1013.6,15.0,0.0,26.7,80.0,253.0,6.0,0.0,xml_feed
Cambrils l'Eixample (Tarragona),ESCAT4300000043850E,2026-09-08,1.05,41.07,35.0,28.7,23.7,88.0,73.0,1021.2,1013.2,23.0,0.0,26.9,84.0,14.0,4.0,0.0,xml_feed
Coma-ruga (El Vendrell) (Tarragona),ESCAT4300000043880B,2026-09-08,1.52,41.18,4.0,29.7,23.1,91.0,79.0,1019.9,1011.7,21.0,0.0,27.1,80.0,55.0,0.0,0.0,xml_feed
Les Moreres - Bonastre (Tarragona),ESCAT4300000043884B,2026-09-08,1.44,41.22,187.0,31.5,22.1,95.0,60.0,1017.8,1009.5,15.0,0.0,24.6,77.0,126.0,2.0,0.0,xml_feed
Hosp.de l'Infant - Centre (Tarragona),ESCAT4300000043890A,2026-09-08,0.92,40.99,42.0,29.9,25.1,89.0,75.0,1019.4,1010.6,18.0,0.0,26.8,82.0,7.0,5.0,0.0,xml_feed
Hosp.Infant(Camí Porrasa) (Tarragona),ESCAT4300000043890C,2026-09-08,0.91,41.01,68.0,30.2,23.7,95.0,67.0,1019.1,1010.9,20.0,0.0,26.1,81.0,284.0,4.0,0.0,xml_feed
Querol Can Llenas (Tarragona),ESCAT4300000046816A,2026-09-08,1.44,41.4,,32.6,17.5,84.0,38.0,1018.4,1010.8,29.0,0.0,21.2,67.0,235.0,5.0,0.0,xml_feed
