id,bolets_id,name,lon,lat,elev,n_days,coverage,miss_precip,source_mode,xema_style_id,xema_style_lon,xema_style_lat,xema_style_elev,xema_style_flag
ESCAT0800000008002A,MC_ESCAT0800000008002A,Barcelona - Barri Gòtic (Barcelona),2.18,41.38,31,1,1,0,smoke,MC_ESCAT0800000008002A,2.18,41.38,31,1
ESCAT0800000008005A,MC_ESCAT0800000008005A,Barcelona - Poblenou (Barcelona),2.21,41.41,25,1,1,0,smoke,MC_ESCAT0800000008005A,2.21,41.41,25,1
ESCAT0800000008008A,MC_ESCAT0800000008008A,Barcelona - La Pedrera (Barcelona),2.18,41.4,45,1,1,0,smoke,MC_ESCAT0800000008008A,2.18,41.4,45,1
ESCAT0800000008009B,MC_ESCAT0800000008009B,Barcelona - Psg Sant Joan (Barcelona),2.17,41.4,29,1,1,0,smoke,MC_ESCAT0800000008009B,2.17,41.4,29,1
ESCAT0800000008012A,MC_ESCAT0800000008012A,Barcelona - Gràcia Centre (Barcelona),2.16,41.4,78,1,1,0,smoke,MC_ESCAT0800000008012A,2.16,41.4,78,1
ESCAT0800000008014B,MC_ESCAT0800000008014B,Barcelona Sants-Montjuïc  (Barcelona),2.14,41.38,45,1,1,0,smoke,MC_ESCAT0800000008014B,2.14,41.38,45,1
ESCAT0800000008014C,MC_ESCAT0800000008014C,Barcelona - Can Bruixa (Barcelona),2.13,41.38,61,1,1,0,smoke,MC_ESCAT0800000008014C,2.13,41.38,61,1
ESCAT0800000008014F,MC_ESCAT0800000008014F,BCN Pl. Sants - Pl. Farga (Barcelona),2.14,41.37,40,1,1,0,smoke,MC_ESCAT0800000008014F,2.14,41.37,40,1
ESCAT0800000008014G,MC_ESCAT0800000008014G,Barcelona - Hostafrancs (Barcelona),2.14,41.37,39,1,1,0,smoke,MC_ESCAT0800000008014G,2.14,41.37,39,1
ESCAT0800000008017B,MC_ESCAT0800000008017B,Barcelona - Sarrià (Barcelona),2.13,41.4,80,1,1,0,smoke,MC_ESCAT0800000008017B,2.13,41.4,80,1
ESCAT0800000008017D,MC_ESCAT0800000008017D,Barcelona - Rectoret (Barcelona),2.1,41.43,320,1,1,0,smoke,MC_ESCAT0800000008017D,2.1,41.43,320,1
ESCAT0800000008018D,MC_ESCAT0800000008018D,Barcelona - betevé (Barcelona),2.19,41.4,18,1,1,0,smoke,MC_ESCAT0800000008018D,2.19,41.4,18,1
ESCAT0800000008018E,MC_ESCAT0800000008018E,Barcelona - Sant Martí (Barcelona),2.19,41.41,20,1,1,0,smoke,MC_ESCAT0800000008018E,2.19,41.41,20,1
ESCAT0800000008023C,MC_ESCAT0800000008023C,Barcelona - Tibidabo (Barcelona),2.12,41.42,512,1,1,0,smoke,MC_ESCAT0800000008023C,2.12,41.42,512,1
ESCAT0800000008023D,MC_ESCAT0800000008023D,Barcelona - El Coll-Vallcarca (Barcelona),2.15,41.41,135,1,1,0,smoke,MC_ESCAT0800000008023D,2.15,41.41,135,1
ESCAT0800000008023I,MC_ESCAT0800000008023I,Barcelona - Sant Gervasi (Barcelona),2.14,41.41,160,1,1,0,smoke,MC_ESCAT0800000008023I,2.14,41.41,160,1
ESCAT0800000008024A,MC_ESCAT0800000008024A,Barcelona - Gràcia (Barcelona),2.16,41.41,105,1,1,0,smoke,MC_ESCAT0800000008024A,2.16,41.41,105,1
ESCAT0800000008025A,MC_ESCAT0800000008025A,Barcelona-Sagrada Familia (Barcelona),2.18,41.41,60,1,1,0,smoke,MC_ESCAT0800000008025A,2.18,41.41,60,1
ESCAT0800000008026C,MC_ESCAT0800000008026C,Barcelona Camp de l'Arpa (Barcelona),2.18,41.41,34,1,1,0,smoke,MC_ESCAT0800000008026C,2.18,41.41,34,1
ESCAT0800000008030C,MC_ESCAT0800000008030C,Barcelona - Bon Pastor  (Barcelona),2.21,41.44,18,1,1,0,smoke,MC_ESCAT0800000008030C,2.21,41.44,18,1
ESCAT0800000008030E,MC_ESCAT0800000008030E,Barcelona - Casa  l'Aigua (Barcelona),2.19,41.45,70,1,1,0,smoke,MC_ESCAT0800000008030E,2.19,41.45,70,1
ESCAT0800000008032A,MC_ESCAT0800000008032A,Barcelona - Horta (Barcelona),2.15,41.43,100,1,1,0,smoke,MC_ESCAT0800000008032A,2.15,41.43,100,1
ESCAT0800000008080A,MC_ESCAT0800000008080A,Badalona - Llefià (Barcelona),2.23,41.44,25,1,1,0,smoke,MC_ESCAT0800000008080A,2.23,41.44,25,1
ESCAT0800000008100C,MC_ESCAT0800000008100C,Mollet  -  Estació França (Barcelona),2.22,41.53,65,1,1,0,smoke,MC_ESCAT0800000008100C,2.22,41.53,65,1
ESCAT0800000008105B,MC_ESCAT0800000008105B,Sant Fost - Mas Llombart (Barcelona),2.24,41.5,175,1,1,0,smoke,MC_ESCAT0800000008105B,2.24,41.5,175,1
ESCAT0800000008105C,MC_ESCAT0800000008105C,Sant Fost - Mas Corts (Barcelona),2.25,41.5,300,1,1,0,smoke,MC_ESCAT0800000008105C,2.25,41.5,300,1
ESCAT0800000008130A,MC_ESCAT0800000008130A,Santa Perpètua de Mogoda (Barcelona),2.19,41.52,70,1,1,0,smoke,MC_ESCAT0800000008130A,2.19,41.52,70,1
ESCAT0800000008150A,MC_ESCAT0800000008150A,Parets del Vallès (Barcelona),2.22,41.56,123,1,1,0,smoke,MC_ESCAT0800000008150A,2.22,41.56,123,1
ESCAT0800000008160A,MC_ESCAT0800000008160A,Montmeló-T.de la Bandera (Barcelona),2.25,41.56,112,1,1,0,smoke,MC_ESCAT0800000008160A,2.25,41.56,112,1
ESCAT0800000008170B,MC_ESCAT0800000008170B,Montornés del V. - Lluch (Barcelona),2.25,41.55,116,1,1,0,smoke,MC_ESCAT0800000008170B,2.25,41.55,116,1
ESCAT0800000008178B,MC_ESCAT0800000008178B,Collsuspina - Centre (Barcelona),2.18,41.83,901,1,1,0,smoke,MC_ESCAT0800000008178B,2.18,41.83,901,1
ESCAT0800000008180B,MC_ESCAT0800000008180B,Moià Alt (Barcelona),2.1,41.82,824,1,1,0,smoke,MC_ESCAT0800000008180B,2.1,41.82,824,1
ESCAT0800000008180E,MC_ESCAT0800000008180E,Moià - Oest (Barcelona),2.09,41.81,735,1,1,0,smoke,MC_ESCAT0800000008180E,2.09,41.81,735,1
ESCAT0800000008183C,MC_ESCAT0800000008183C,Castellcir (Barcelona),2.15,41.76,785,1,1,0,smoke,MC_ESCAT0800000008183C,2.15,41.76,785,1
ESCAT0800000008184C,MC_ESCAT0800000008184C,Palau-solità i P. Cortés (Barcelona),2.18,41.59,125,1,1,0,smoke,MC_ESCAT0800000008184C,2.18,41.59,125,1
ESCAT0800000008188B,MC_ESCAT0800000008188B,Vallromanes - Est (Barcelona),2.31,41.53,220,1,1,0,smoke,MC_ESCAT0800000008188B,2.31,41.53,220,1
ESCAT0800000008191B,MC_ESCAT0800000008191B,Rubí - Andromeda (Barcelona),2.04,41.49,150,1,1,0,smoke,MC_ESCAT0800000008191B,2.04,41.49,150,1
ESCAT0800000008191E,MC_ESCAT0800000008191E,Rubí - Pl S.Allende (Barcelona),2.03,41.49,130,1,1,0,smoke,MC_ESCAT0800000008191E,2.03,41.49,130,1
ESCAT0800000008191F,MC_ESCAT0800000008191F,Rubí - La Serreta (Barcelona),2.04,41.5,180,1,1,0,smoke,MC_ESCAT0800000008191F,2.04,41.5,180,1
ESCAT0800000008192A,MC_ESCAT0800000008192A,St Quirze del V -VallSuau (Barcelona),2.07,41.53,230,1,1,0,smoke,MC_ESCAT0800000008192A,2.07,41.53,230,1
ESCAT0800000008195A,MC_ESCAT0800000008195A,Valldoreix (Barcelona),2.04,41.46,120,1,1,0,smoke,MC_ESCAT0800000008195A,2.04,41.46,120,1
ESCAT0800000008195B,MC_ESCAT0800000008195B,Sant Cugat Vallès-Mirasol (Barcelona),2.04,41.47,110,1,1,0,smoke,MC_ESCAT0800000008195B,2.04,41.47,110,1
ESCAT0800000008198A,MC_ESCAT0800000008198A,S. Cugat Val. La Floresta (Barcelona),2.08,41.45,217,1,1,0,smoke,MC_ESCAT0800000008198A,2.08,41.45,217,1
ESCAT0800000008201C,MC_ESCAT0800000008201C,Sabadell - Rambla (Barcelona),2.11,41.54,179,1,1,0,smoke,MC_ESCAT0800000008201C,2.11,41.54,179,1
ESCAT0800000008202B,MC_ESCAT0800000008202B,Sabadell - Centre (Barcelona),2.11,41.55,197,1,1,0,smoke,MC_ESCAT0800000008202B,2.11,41.55,197,1
ESCAT0800000008206G,MC_ESCAT0800000008206G,Sabadell - Can Rull (Barcelona),2.09,41.56,225,1,1,0,smoke,MC_ESCAT0800000008206G,2.09,41.56,225,1
ESCAT0800000008208A,MC_ESCAT0800000008208A,Sabadell - Creu Alta (Barcelona),2.1,41.56,210,1,1,0,smoke,MC_ESCAT0800000008208A,2.1,41.56,210,1
ESCAT0800000008211B,MC_ESCAT0800000008211B,Castellar del Vallès (Barcelona),2.09,41.62,331,1,1,0,smoke,MC_ESCAT0800000008211B,2.09,41.62,331,1
ESCAT0800000008221B,MC_ESCAT0800000008221B,Terrassa - Plaça Nova (Barcelona),2.02,41.56,285,1,1,0,smoke,MC_ESCAT0800000008221B,2.02,41.56,285,1
ESCAT0800000008224A,MC_ESCAT0800000008224A,Terrassa - Ca n'Aurell (Barcelona),2,41.57,300,1,1,0,smoke,MC_ESCAT0800000008224A,2,41.57,300,1
ESCAT0800000008224F,MC_ESCAT0800000008224F,Terrassa-Centre (Barcelona),2.01,41.56,300,1,1,0,smoke,MC_ESCAT0800000008224F,2.01,41.56,300,1
ESCAT0800000008225G,MC_ESCAT0800000008225G,Terrassa - Can Boada (Barcelona),2,41.57,325,1,1,0,smoke,MC_ESCAT0800000008225G,2,41.57,325,1
ESCAT0800000008226A,MC_ESCAT0800000008226A,Terrassa - Sant Pere (Barcelona),2.02,41.57,322,1,1,0,smoke,MC_ESCAT0800000008226A,2.02,41.57,322,1
ESCAT0800000008228B,MC_ESCAT0800000008228B,Terrassa (les Fonts) (Barcelona),2.02,41.55,225,1,1,0,smoke,MC_ESCAT0800000008228B,2.02,41.55,225,1
ESCAT0800000008230C,MC_ESCAT0800000008230C,Matadepera-La Muntanyeta (Barcelona),2.03,41.6,515,1,1,0,smoke,MC_ESCAT0800000008230C,2.03,41.6,515,1
ESCAT0800000008232A,MC_ESCAT0800000008232A,Viladecavalls (Barcelona),1.96,41.56,290,1,1,0,smoke,MC_ESCAT0800000008232A,1.96,41.56,290,1
ESCAT0800000008232B,MC_ESCAT0800000008232B,Viladecavalls - Can Turu (Barcelona),1.95,41.55,310,1,1,0,smoke,MC_ESCAT0800000008232B,1.95,41.55,310,1
ESCAT0800000008233A,MC_ESCAT0800000008233A,Vacarisses (Barcelona),1.92,41.6,425,1,1,0,smoke,MC_ESCAT0800000008233A,1.92,41.6,425,1
ESCAT0800000008233B,MC_ESCAT0800000008233B,Vacarisses Cam Serra (Barcelona),1.89,41.6,382,1,1,0,smoke,MC_ESCAT0800000008233B,1.89,41.6,382,1
ESCAT0800000008242B,MC_ESCAT0800000008242B,Manresa - Oest (Barcelona),1.82,41.73,238,1,1,0,smoke,MC_ESCAT0800000008242B,1.82,41.73,238,1
ESCAT0800000008243A,MC_ESCAT0800000008243A,Manresa   (Barcelona),1.84,41.72,251,1,1,0,smoke,MC_ESCAT0800000008243A,1.84,41.72,251,1
ESCAT0800000008243B,MC_ESCAT0800000008243B,Manresa - Est (Barcelona),1.85,41.72,320,1,1,0,smoke,MC_ESCAT0800000008243B,1.85,41.72,320,1
ESCAT0800000008251A,MC_ESCAT0800000008251A,Santpedor (Barcelona),1.84,41.79,330,1,1,0,smoke,MC_ESCAT0800000008251A,1.84,41.79,330,1
ESCAT0800000008254C,MC_ESCAT0800000008254C,"Rocafort, Can Lleonart  (Barcelona)",1.92,41.72,472,1,1,0,smoke,MC_ESCAT0800000008254C,1.92,41.72,472,1
ESCAT0800000008259A,MC_ESCAT0800000008259A,Fals (Bages) (Barcelona),1.71,41.74,400,1,1,0,smoke,MC_ESCAT0800000008259A,1.71,41.74,400,1
ESCAT0800000008260A,MC_ESCAT0800000008260A,Suria (Barcelona),1.76,41.84,286,1,1,0,smoke,MC_ESCAT0800000008260A,1.76,41.84,286,1
ESCAT0800000008260C,MC_ESCAT0800000008260C,Súria (tractets) (Barcelona),1.75,41.84,340,1,1,0,smoke,MC_ESCAT0800000008260C,1.75,41.84,340,1
ESCAT0800000008260D,MC_ESCAT0800000008260D,Suria (Bellavista) (Barcelona),1.75,41.84,332,1,1,0,smoke,MC_ESCAT0800000008260D,1.75,41.84,332,1
ESCAT0800000008261C,MC_ESCAT0800000008261C,Cardona - Turó Rossinyol (Barcelona),1.68,41.91,560,1,1,0,smoke,MC_ESCAT0800000008261C,1.68,41.91,560,1
ESCAT0800000008261D,MC_ESCAT0800000008261D,Cardona_RavalSantJoan_DV (Barcelona),1.68,41.92,444,1,1,0,smoke,MC_ESCAT0800000008261D,1.68,41.92,444,1
ESCAT0800000008261E,MC_ESCAT0800000008261E,Cardona_Salinera (Barcelona),1.69,41.91,393,1,1,0,smoke,MC_ESCAT0800000008261E,1.69,41.91,393,1
ESCAT0800000008269A,MC_ESCAT0800000008269A,Valls de Torroella (Barcelona),1.72,41.85,320,1,1,0,smoke,MC_ESCAT0800000008269A,1.72,41.85,320,1
ESCAT0800000008273A,MC_ESCAT0800000008273A,Santa Maria d'Oló (Barcelona),2,41.9,542,1,1,0,smoke,MC_ESCAT0800000008273A,2,41.9,542,1
ESCAT0800000008289A,MC_ESCAT0800000008289A,Veciana (Barcelona),1.52,41.66,608,1,1,0,smoke,MC_ESCAT0800000008289A,1.52,41.66,608,1
ESCAT0800000008290B,MC_ESCAT0800000008290B,Cerdanyola - Centre (Barcelona),2.14,41.49,100,1,1,0,smoke,MC_ESCAT0800000008290B,2.14,41.49,100,1
ESCAT0800000008290D,MC_ESCAT0800000008290D,Cerdanyola - Montflorit (Barcelona),2.13,41.49,80,1,1,0,smoke,MC_ESCAT0800000008290D,2.13,41.49,80,1
ESCAT0800000008291B,MC_ESCAT0800000008291B,Ripollet 2.0 (Barcelona),2.18,41.51,75,1,1,0,smoke,MC_ESCAT0800000008291B,2.18,41.51,75,1
ESCAT0800000008291D,MC_ESCAT0800000008291D,Ripollet-centro (Barcelona),2.16,41.51,75,1,1,0,smoke,MC_ESCAT0800000008291D,2.16,41.51,75,1
ESCAT0800000008296A,MC_ESCAT0800000008296A,Castellbell (El Borràs) (Barcelona),1.86,41.63,166,1,1,0,smoke,MC_ESCAT0800000008296A,1.86,41.63,166,1
ESCAT0800000008296B,MC_ESCAT0800000008296B,Castellbell (Baix Vilar) (Barcelona),1.86,41.64,187,1,1,0,smoke,MC_ESCAT0800000008296B,1.86,41.64,187,1
ESCAT0800000008298A,MC_ESCAT0800000008298A,Marganell (Barcelona),1.79,41.64,305,1,1,0,smoke,MC_ESCAT0800000008298A,1.79,41.64,305,1
ESCAT0800000008304A,MC_ESCAT0800000008304A,Mataró - Vista Alegre (Barcelona),2.45,41.55,105,1,1,0,smoke,MC_ESCAT0800000008304A,2.45,41.55,105,1
ESCAT0800000008304B,MC_ESCAT0800000008304B,Mataró - Can Quirze (Barcelona),2.46,41.55,80,1,1,0,smoke,MC_ESCAT0800000008304B,2.46,41.55,80,1
ESCAT0800000008304C,MC_ESCAT0800000008304C,Mataró -Nord (Barcelona),2.44,41.56,144,1,1,0,smoke,MC_ESCAT0800000008304C,2.44,41.56,144,1
ESCAT0800000008304D,MC_ESCAT0800000008304D,Mataró-Can Canyellas (Barcelona),2.44,41.56,144,1,1,0,smoke,MC_ESCAT0800000008304D,2.44,41.56,144,1
ESCAT0800000008304E,MC_ESCAT0800000008304E,Mataró-Parc de Créteil (Barcelona),2.45,41.55,105,1,1,0,smoke,MC_ESCAT0800000008304E,2.45,41.55,105,1
ESCAT0800000008310B,MC_ESCAT0800000008310B,Argentona (Barcelona),2.39,41.56,127,1,1,0,smoke,MC_ESCAT0800000008310B,2.39,41.56,127,1
ESCAT0800000008319B,MC_ESCAT0800000008319B,Dosrius (Barcelona),2.4,41.6,165,1,1,0,smoke,MC_ESCAT0800000008319B,2.4,41.6,165,1
ESCAT0800000008319C,MC_ESCAT0800000008319C,Dosrius Can Miloca (Barcelona),2.46,41.62,488,1,1,0,smoke,MC_ESCAT0800000008319C,2.46,41.62,488,1
ESCAT0800000008320C,MC_ESCAT0800000008320C,El Masnou - Can Humet (Barcelona),2.32,41.48,22,1,1,0,smoke,MC_ESCAT0800000008320C,2.32,41.48,22,1
ESCAT0800000008320D,MC_ESCAT0800000008320D,El Masnou - Ocata (Barcelona),2.33,41.49,10,1,1,0,smoke,MC_ESCAT0800000008320D,2.33,41.49,10,1
ESCAT0800000008320F,MC_ESCAT0800000008320F,El Masnou - Nordeste (Barcelona),2.41,41.5,57,1,1,0,smoke,MC_ESCAT0800000008320F,2.41,41.5,57,1
ESCAT0800000008320G,MC_ESCAT0800000008320G,El Masnou - Ocata 2 (Barcelona),2.33,41.49,7,1,1,0,smoke,MC_ESCAT0800000008320G,2.33,41.49,7,1
ESCAT0800000008328F,MC_ESCAT0800000008328F,Alella-Mirador (Barcelona),2.29,41.49,290,1,1,0,smoke,MC_ESCAT0800000008328F,2.29,41.49,290,1
ESCAT0800000008349B,MC_ESCAT0800000008349B,Cabrera de Mar-SJoan Munt (Barcelona),2.39,41.53,170,1,1,0,smoke,MC_ESCAT0800000008349B,2.39,41.53,170,1
ESCAT0800000008350A,MC_ESCAT0800000008350A,Arenys de Mar (Barcelona),2.56,41.59,85,1,1,0,smoke,MC_ESCAT0800000008350A,2.56,41.59,85,1
ESCAT0800000008358A,MC_ESCAT0800000008358A,Arenys de Munt (Barcelona),2.54,41.61,149,1,1,0,smoke,MC_ESCAT0800000008358A,2.54,41.61,149,1
ESCAT0800000008360C,MC_ESCAT0800000008360C,Canet de Mar - Centre (Barcelona),2.58,41.59,42,1,1,0,smoke,MC_ESCAT0800000008360C,2.58,41.59,42,1
ESCAT0800000008360D,MC_ESCAT0800000008360D,Canet de Mar (Barcelona),2.58,41.59,40,1,1,0,smoke,MC_ESCAT0800000008360D,2.58,41.59,40,1
ESCAT0800000008360H,MC_ESCAT0800000008360H,Canet de Mar - Rial Oms  (Barcelona),2.59,41.6,50,1,1,0,smoke,MC_ESCAT0800000008360H,2.59,41.6,50,1
ESCAT0800000008370A,MC_ESCAT0800000008370A,Calella (Barcelona),2.66,41.61,7,1,1,0,smoke,MC_ESCAT0800000008370A,2.66,41.61,7,1
ESCAT0800000008380A,MC_ESCAT0800000008380A,Malgrat de mar (Barcelona),2.74,41.65,4,1,1,0,smoke,MC_ESCAT0800000008380A,2.74,41.65,4,1
ESCAT0800000008391C,MC_ESCAT0800000008391C,Tiana (Barcelona),2.27,41.48,140,1,1,0,smoke,MC_ESCAT0800000008391C,2.27,41.48,140,1
ESCAT0800000008392A,MC_ESCAT0800000008392A,Sant Andreu de Llavaneres (Barcelona),2.48,41.57,139,1,1,0,smoke,MC_ESCAT0800000008392A,2.48,41.57,139,1
ESCAT0800000008393B,MC_ESCAT0800000008393B,Caldes d'Estrac (Barcelona),2.53,41.57,72,1,1,0,smoke,MC_ESCAT0800000008393B,2.53,41.57,72,1
ESCAT0800000008394B,MC_ESCAT0800000008394B,Sant Vicenç de Montalt (Barcelona),2.51,41.58,200,1,1,0,smoke,MC_ESCAT0800000008394B,2.51,41.58,200,1
ESCAT0800000008397A,MC_ESCAT0800000008397A,Pineda de Mar - Les Creus (Barcelona),2.67,41.62,30,1,1,0,smoke,MC_ESCAT0800000008397A,2.67,41.62,30,1
ESCAT0800000008397C,MC_ESCAT0800000008397C,Pineda De Mar - Cal Tort  (Barcelona),2.67,41.64,130,1,1,0,smoke,MC_ESCAT0800000008397C,2.67,41.64,130,1
ESCAT0800000008397E,MC_ESCAT0800000008397E,Pineda de Mar - Nord (Barcelona),2.69,41.64,45,1,1,0,smoke,MC_ESCAT0800000008397E,2.69,41.64,45,1
ESCAT0800000008397F,MC_ESCAT0800000008397F,Pineda de Mar - Centre (Barcelona),2.69,41.62,9,1,1,0,smoke,MC_ESCAT0800000008397F,2.69,41.62,9,1
ESCAT0800000008398A,MC_ESCAT0800000008398A,Santa Susanna (Barcelona),2.72,41.64,48,1,1,0,smoke,MC_ESCAT0800000008398A,2.72,41.64,48,1
ESCAT0800000008402A,MC_ESCAT0800000008402A,Granollers (Barcelona),2.29,41.61,145,1,1,0,smoke,MC_ESCAT0800000008402A,2.29,41.61,145,1
ESCAT0800000008440A,MC_ESCAT0800000008440A,Cardedeu - Centre (Barcelona),2.36,41.64,203,1,1,0,smoke,MC_ESCAT0800000008440A,2.36,41.64,203,1
ESCAT0800000008440C,MC_ESCAT0800000008440C,Cardedeu - Poble Sec (Barcelona),2.36,41.64,200,1,1,0,smoke,MC_ESCAT0800000008440C,2.36,41.64,200,1
ESCAT0800000008469A,MC_ESCAT0800000008469A,Montseny - Les Arrels (Barcelona),2.4,41.75,435,1,1,0,smoke,MC_ESCAT0800000008469A,2.4,41.75,435,1
ESCAT0800000008470G,MC_ESCAT0800000008470G,Sant Celoni - Diputació (Barcelona),2.49,41.69,170,1,1,0,smoke,MC_ESCAT0800000008470G,2.49,41.69,170,1
ESCAT0800000008471C,MC_ESCAT0800000008471C,Vallgorguina (Barcelona),2.52,41.65,280,1,1,0,smoke,MC_ESCAT0800000008471C,2.52,41.65,280,1
ESCAT0800000008474B,MC_ESCAT0800000008474B,Gualba (Barcelona),2.53,41.72,164,1,1,0,smoke,MC_ESCAT0800000008474B,2.53,41.72,164,1
ESCAT0800000008476A,MC_ESCAT0800000008476A,La Batllòria - Vallès Ori (Barcelona),2.55,41.72,97,1,1,0,smoke,MC_ESCAT0800000008476A,2.55,41.72,97,1
ESCAT0800000008480A,MC_ESCAT0800000008480A,L'Ametlla del Vallès (Barcelona),2.24,41.7,647,1,1,0,smoke,MC_ESCAT0800000008480A,2.24,41.7,647,1
ESCAT0800000008500A,MC_ESCAT0800000008500A,Vic (Barcelona),2.28,41.96,500,1,1,0,smoke,MC_ESCAT0800000008500A,2.28,41.96,500,1
ESCAT0800000008500E,MC_ESCAT0800000008500E,Vic - Zona Universitària (Barcelona),2.25,41.93,525,1,1,0,smoke,MC_ESCAT0800000008500E,2.25,41.93,525,1
ESCAT0800000008504A,MC_ESCAT0800000008504A,Sant Julià de Vilatorta (Barcelona),2.32,41.92,570,1,1,0,smoke,MC_ESCAT0800000008504A,2.32,41.92,570,1
ESCAT0800000008504B,MC_ESCAT0800000008504B,Sant Sadurní d'Osormort (Barcelona),2.39,41.91,510,1,1,0,smoke,MC_ESCAT0800000008504B,2.39,41.91,510,1
ESCAT0800000008505A,MC_ESCAT0800000008505A,Sentfores (La Guixa) (Barcelona),2.23,41.92,512,1,1,0,smoke,MC_ESCAT0800000008505A,2.23,41.92,512,1
ESCAT0800000008505B,MC_ESCAT0800000008505B,Santa Eulàlia Riuprimer (Barcelona),2.19,41.91,585,1,1,0,smoke,MC_ESCAT0800000008505B,2.19,41.91,585,1
ESCAT0800000008506A,MC_ESCAT0800000008506A,Calldetenes (Barcelona),2.29,41.93,488,1,1,0,smoke,MC_ESCAT0800000008506A,2.29,41.93,488,1
ESCAT0800000008506B,MC_ESCAT0800000008506B,Calldetenes (Est) (Barcelona),2.3,41.93,510,1,1,0,smoke,MC_ESCAT0800000008506B,2.3,41.93,510,1
ESCAT0800000008507A,MC_ESCAT0800000008507A,Santa Eugènia de Berga (Barcelona),2.28,41.91,506,1,1,0,smoke,MC_ESCAT0800000008507A,2.28,41.91,506,1
ESCAT0800000008509A,MC_ESCAT0800000008509A,Santa Cecília de Voltregà (Barcelona),2.2,42.01,580,1,1,0,smoke,MC_ESCAT0800000008509A,2.2,42.01,580,1
ESCAT0800000008510A,MC_ESCAT0800000008510A,Roda de Ter - Pla Xic (Barcelona),2.31,41.99,470,1,1,0,smoke,MC_ESCAT0800000008510A,2.31,41.99,470,1
ESCAT0800000008510C,MC_ESCAT0800000008510C,Sant Pere de Casserres (Barcelona),2.34,42,486,1,1,0,smoke,MC_ESCAT0800000008510C,2.34,42,486,1
ESCAT0800000008510D,MC_ESCAT0800000008510D,Roda de Ter - Escorxador (Barcelona),2.31,41.98,457,1,1,0,smoke,MC_ESCAT0800000008510D,2.31,41.98,457,1
ESCAT0800000008516C,MC_ESCAT0800000008516C,Olost - Mas Lliscàs (Barcelona),2.1,41.98,558,1,1,0,smoke,MC_ESCAT0800000008516C,2.1,41.98,558,1
ESCAT0800000008519B,MC_ESCAT0800000008519B,Tavèrnoles (Barcelona),2.33,41.95,535,1,1,0,smoke,MC_ESCAT0800000008519B,2.33,41.95,535,1
ESCAT0800000008519C,MC_ESCAT0800000008519C,Tavèrnoles - El Raurell (Barcelona),2.37,41.97,650,1,1,0,smoke,MC_ESCAT0800000008519C,2.37,41.97,650,1
ESCAT0800000008520C,MC_ESCAT0800000008520C,Llerona - Els Gorgs (Barcelona),2.3,41.67,260,1,1,0,smoke,MC_ESCAT0800000008520C,2.3,41.67,260,1
ESCAT0800000008530D,MC_ESCAT0800000008530D,La Garriga (Ajuntament) (Barcelona),2.29,41.69,247,1,1,0,smoke,MC_ESCAT0800000008530D,2.29,41.69,247,1
ESCAT0800000008540C,MC_ESCAT0800000008540C,Centelles - Oest (Barcelona),2.23,41.8,547,1,1,0,smoke,MC_ESCAT0800000008540C,2.23,41.8,547,1
ESCAT0800000008551B,MC_ESCAT0800000008551B,Tona - IES  (Barcelona),2.23,41.85,607,1,1,0,smoke,MC_ESCAT0800000008551B,2.23,41.85,607,1
ESCAT0800000008552C,MC_ESCAT0800000008552C,Taradell (Dr.Fleming) (Barcelona),2.29,41.87,625,1,1,0,smoke,MC_ESCAT0800000008552C,2.29,41.87,625,1
ESCAT0800000008553A,MC_ESCAT0800000008553A,Seva (Barcelona),2.28,41.84,670,1,1,0,smoke,MC_ESCAT0800000008553A,2.28,41.84,670,1
ESCAT0800000008560A,MC_ESCAT0800000008560A,Manlleu (Barcelona),2.29,42,460,1,1,0,smoke,MC_ESCAT0800000008560A,2.29,42,460,1
ESCAT0800000008570A,MC_ESCAT0800000008570A,Torelló (Ins Cirviànum) (Barcelona),2.26,42.05,520,1,1,0,smoke,MC_ESCAT0800000008570A,2.26,42.05,520,1
ESCAT0800000008572B,MC_ESCAT0800000008572B,Bellmunt (Barcelona),2.29,42.1,1241,1,1,0,smoke,MC_ESCAT0800000008572B,2.29,42.1,1241,1
ESCAT0800000008588A,MC_ESCAT0800000008588A,Cussons - Sora (Barcelona),2.2,42.1,636,1,1,0,smoke,MC_ESCAT0800000008588A,2.2,42.1,636,1
ESCAT0800000008600A,MC_ESCAT0800000008600A,Berga (Barcelona),1.85,42.1,684,1,1,0,smoke,MC_ESCAT0800000008600A,1.85,42.1,684,1
ESCAT0800000008610A,MC_ESCAT0800000008610A,Avià - Sud (Barcelona),1.83,42.07,660,1,1,0,smoke,MC_ESCAT0800000008610A,1.83,42.07,660,1
ESCAT0800000008610B,MC_ESCAT0800000008610B,Avià (Barcelona),1.83,42.08,677,1,1,0,smoke,MC_ESCAT0800000008610B,1.83,42.08,677,1
ESCAT0800000008614A,MC_ESCAT0800000008614A,L'Espunyola (Barcelona),1.77,42.05,802,1,1,0,smoke,MC_ESCAT0800000008614A,1.77,42.05,802,1
ESCAT0800000008618A,MC_ESCAT0800000008618A,Refugi Rasos de Peguera (Barcelona),1.76,42.14,1760,1,1,0,smoke,MC_ESCAT0800000008618A,1.76,42.14,1760,1
ESCAT0800000008619A,MC_ESCAT0800000008619A,Borredà (Barcelona),1.99,42.14,865,1,1,0,smoke,MC_ESCAT0800000008619A,1.99,42.14,865,1
ESCAT0800000008629A,MC_ESCAT0800000008629A,Torrelles Ll. Can Tarrida (Barcelona),1.99,41.36,130,1,1,0,smoke,MC_ESCAT0800000008629A,1.99,41.36,130,1
ESCAT0800000008629C,MC_ESCAT0800000008629C,Torrelles Llob.Can Güell (Barcelona),1.95,41.36,274,1,1,0,smoke,MC_ESCAT0800000008629C,1.95,41.36,274,1
ESCAT0800000008635A,MC_ESCAT0800000008635A,Sant Esteve Sesrovires N (Barcelona),1.86,41.5,215,1,1,0,smoke,MC_ESCAT0800000008635A,1.86,41.5,215,1
ESCAT0800000008640A,MC_ESCAT0800000008640A,Olesa Montserrat-Eixample (Barcelona),1.9,41.54,110,1,1,0,smoke,MC_ESCAT0800000008640A,1.9,41.54,110,1
ESCAT0800000008650B,MC_ESCAT0800000008650B,Sallent [El Bages] (Barcelona),1.9,41.83,336,1,1,0,smoke,MC_ESCAT0800000008650B,1.9,41.83,336,1
ESCAT0800000008693A,MC_ESCAT0800000008693A,Casserres (Barcelona),1.85,42.01,614,1,1,0,smoke,MC_ESCAT0800000008693A,1.85,42.01,614,1
ESCAT0800000008694B,MC_ESCAT0800000008694B,St.J.Cerdanyola-Cal Solà (Barcelona),1.89,42.22,980,1,1,0,smoke,MC_ESCAT0800000008694B,1.89,42.22,980,1
ESCAT0800000008694C,MC_ESCAT0800000008694C,Guardiola de Berguedà (Barcelona),1.88,42.23,760,1,1,0,smoke,MC_ESCAT0800000008694C,1.88,42.23,760,1
ESCAT0800000008694D,MC_ESCAT0800000008694D,St.J.Cerdanyola-Forcat (Barcelona),1.89,42.23,1115,1,1,0,smoke,MC_ESCAT0800000008694D,1.89,42.23,1115,1
ESCAT0800000008695A,MC_ESCAT0800000008695A,Bagà (nord) (Barcelona),1.86,42.26,865,1,1,0,smoke,MC_ESCAT0800000008695A,1.86,42.26,865,1
ESCAT0800000008695C,MC_ESCAT0800000008695C,Bagà (centre) (Barcelona),1.86,42.25,798,1,1,0,smoke,MC_ESCAT0800000008695C,1.86,42.25,798,1
ESCAT0800000008695D,MC_ESCAT0800000008695D,Bagà (sud) (Barcelona),1.87,42.25,770,1,1,0,smoke,MC_ESCAT0800000008695D,1.87,42.25,770,1
ESCAT0800000008695G,MC_ESCAT0800000008695G,Cadí Est- PN Cadí-Moixeró (Barcelona),1.74,42.29,2440,1,1,0,smoke,MC_ESCAT0800000008695G,1.74,42.29,2440,1
ESCAT0800000008695H,MC_ESCAT0800000008695H,Bagà (refugi Rebost) PN (Barcelona),1.89,42.29,1640,1,1,0,smoke,MC_ESCAT0800000008695H,1.89,42.29,1640,1
ESCAT0800000008696A,MC_ESCAT0800000008696A,La Pobla de Lillet (Barcelona),1.98,42.25,873,1,1,0,smoke,MC_ESCAT0800000008696A,1.98,42.25,873,1
ESCAT0800000008698B,MC_ESCAT0800000008698B,La Nou de Berguedà El Pou (Barcelona),1.89,42.17,940,1,1,0,smoke,MC_ESCAT0800000008698B,1.89,42.17,940,1
ESCAT0800000008710A,MC_ESCAT0800000008710A,Sta. Margarida de Montbui (Barcelona),1.6,41.58,320,1,1,0,smoke,MC_ESCAT0800000008710A,1.6,41.58,320,1
ESCAT0800000008710B,MC_ESCAT0800000008710B,S.M.Montbui - N.Antic (Barcelona),1.6,41.55,407,1,1,0,smoke,MC_ESCAT0800000008710B,1.6,41.55,407,1
ESCAT0800000008712A,MC_ESCAT0800000008712A,Sant Martí de Tous (Barcelona),1.52,41.56,445,1,1,0,smoke,MC_ESCAT0800000008712A,1.52,41.56,445,1
ESCAT0800000008720C,MC_ESCAT0800000008720C,Vilafranca Del Penedès (Barcelona),1.7,41.34,220,1,1,0,smoke,MC_ESCAT0800000008720C,1.7,41.34,220,1
ESCAT0800000008736A,MC_ESCAT0800000008736A,Font-Rubí (Barcelona),1.59,41.43,550,1,1,0,smoke,MC_ESCAT0800000008736A,1.59,41.43,550,1
ESCAT0800000008739A,MC_ESCAT0800000008739A,Cantallops (Barcelona),1.8,41.37,280,1,1,0,smoke,MC_ESCAT0800000008739A,1.8,41.37,280,1
ESCAT0800000008739B,MC_ESCAT0800000008739B,Sant Pau D'Ordal (Barcelona),1.79,41.38,240,1,1,0,smoke,MC_ESCAT0800000008739B,1.79,41.38,240,1
ESCAT0800000008739C,MC_ESCAT0800000008739C,Lavern (Barcelona),1.77,41.39,217,1,1,0,smoke,MC_ESCAT0800000008739C,1.77,41.39,217,1
ESCAT0800000008740D,MC_ESCAT0800000008740D,Sant Andreu de la Barca (Barcelona),1.96,41.45,85,1,1,0,smoke,MC_ESCAT0800000008740D,1.96,41.45,85,1
ESCAT0800000008740E,MC_ESCAT0800000008740E,Sant Andreu de la B-Palau (Barcelona),1.96,41.45,88,1,1,0,smoke,MC_ESCAT0800000008740E,1.96,41.45,88,1
ESCAT0800000008750B,MC_ESCAT0800000008750B,Molins de Rei - Bonavista (Barcelona),2.02,41.41,49,1,1,0,smoke,MC_ESCAT0800000008750B,2.02,41.41,49,1
ESCAT0800000008750E,MC_ESCAT0800000008750E,Molins de Rei-de les eres (Barcelona),2.02,41.41,37,1,1,0,smoke,MC_ESCAT0800000008750E,2.02,41.41,37,1
ESCAT0800000008758A,MC_ESCAT0800000008758A,Cervelló - Penya Roja (Barcelona),1.95,41.4,357,1,1,0,smoke,MC_ESCAT0800000008758A,1.95,41.4,357,1
ESCAT0800000008759A,MC_ESCAT0800000008759A,Vallirana (Mas Rovira) (Barcelona),1.93,41.39,310,1,1,0,smoke,MC_ESCAT0800000008759A,1.93,41.39,310,1
ESCAT0800000008770A,MC_ESCAT0800000008770A,Sant Sadurní d'Anoia (Barcelona),1.78,41.43,170,1,1,0,smoke,MC_ESCAT0800000008770A,1.78,41.43,170,1
ESCAT0800000008773A,MC_ESCAT0800000008773A,La Font del Bosc Mediona (Barcelona),1.66,41.48,553,1,1,0,smoke,MC_ESCAT0800000008773A,1.66,41.48,553,1
ESCAT0800000008775A,MC_ESCAT0800000008775A,Torrelavit (Barcelona),1.69,41.43,266,1,1,0,smoke,MC_ESCAT0800000008775A,1.69,41.43,266,1
ESCAT0800000008776A,MC_ESCAT0800000008776A,Sant Pere de Riudebitlles (Barcelona),1.71,41.45,245,1,1,0,smoke,MC_ESCAT0800000008776A,1.71,41.45,245,1
ESCAT0800000008776B,MC_ESCAT0800000008776B,Sant Pere de Riudebitlles (Barcelona),1.7,41.45,260,1,1,0,smoke,MC_ESCAT0800000008776B,1.7,41.45,260,1
ESCAT0800000008782A,MC_ESCAT0800000008782A,La Beguda Alta (Barcelona),1.84,41.5,285,1,1,0,smoke,MC_ESCAT0800000008782A,1.84,41.5,285,1
ESCAT0800000008784C,MC_ESCAT0800000008784C,El Bedorc - Piera (Barcelona),1.72,41.5,220,1,1,0,smoke,MC_ESCAT0800000008784C,1.72,41.5,220,1
ESCAT0800000008784D,MC_ESCAT0800000008784D,Piera  (Barcelona),1.75,41.52,312,1,1,0,smoke,MC_ESCAT0800000008784D,1.75,41.52,312,1
ESCAT0800000008784E,MC_ESCAT0800000008784E,Piera (Barcelona),1.75,41.52,310,1,1,0,smoke,MC_ESCAT0800000008784E,1.75,41.52,310,1
ESCAT0800000008785A,MC_ESCAT0800000008785A,Vallbona d'Anoia (Barcelona),1.71,41.52,289,1,1,0,smoke,MC_ESCAT0800000008785A,1.71,41.52,289,1
ESCAT0800000008787A,MC_ESCAT0800000008787A,Carme (Barcelona),1.62,41.53,350,1,1,0,smoke,MC_ESCAT0800000008787A,1.62,41.53,350,1
ESCAT0800000008790B,MC_ESCAT0800000008790B,Gelida - Institut (Barcelona),1.86,41.44,141,1,1,0,smoke,MC_ESCAT0800000008790B,1.86,41.44,141,1
ESCAT0800000008792A,MC_ESCAT0800000008792A,La Granada (Barcelona),1.71,41.38,260,1,1,0,smoke,MC_ESCAT0800000008792A,1.71,41.38,260,1
ESCAT0800000008800F,MC_ESCAT0800000008800F,Vilanova i la Geltrú (Barcelona),1.72,41.22,16,1,1,0,smoke,MC_ESCAT0800000008800F,1.72,41.22,16,1
ESCAT0800000008820D,MC_ESCAT0800000008820D,El Prat-Zonilla (Barcelona),2.08,41.32,4,1,1,0,smoke,MC_ESCAT0800000008820D,2.08,41.32,4,1
ESCAT0800000008830B,MC_ESCAT0800000008830B,Sant Boi - Molí Nou (Barcelona),2.03,41.37,26,1,1,0,smoke,MC_ESCAT0800000008830B,2.03,41.37,26,1
ESCAT0800000008830C,MC_ESCAT0800000008830C,Sant Boi de Llobregat (Barcelona),2.03,41.35,50,1,1,0,smoke,MC_ESCAT0800000008830C,2.03,41.35,50,1
ESCAT0800000008830E,MC_ESCAT0800000008830E,Sant Boi Ll. - Marianao (Barcelona),2.03,41.35,36,1,1,0,smoke,MC_ESCAT0800000008830E,2.03,41.35,36,1
ESCAT0800000008840A,MC_ESCAT0800000008840A,Viladecans (Barcelona),2.01,41.32,53,1,1,0,smoke,MC_ESCAT0800000008840A,2.01,41.32,53,1
ESCAT0800000008849C,MC_ESCAT0800000008849C,Sant Climent de Llobregat (Barcelona),1.99,41.34,80,1,1,0,smoke,MC_ESCAT0800000008849C,1.99,41.34,80,1
ESCAT0800000008850A,MC_ESCAT0800000008850A,Gavà.  La Bòbila (Barcelona),2,41.31,45,1,1,0,smoke,MC_ESCAT0800000008850A,2,41.31,45,1
ESCAT0800000008850C,MC_ESCAT0800000008850C,Gavà - Gavà Nova (Barcelona),1.99,41.31,40,1,1,0,smoke,MC_ESCAT0800000008850C,1.99,41.31,40,1
ESCAT0800000008860A,MC_ESCAT0800000008860A,Castelldefels - Bellamar (Barcelona),1.95,41.27,20,1,1,0,smoke,MC_ESCAT0800000008860A,1.95,41.27,20,1
ESCAT0800000008860B,MC_ESCAT0800000008860B,Castelldefels - Platja (Barcelona),1.96,41.27,2,1,1,0,smoke,MC_ESCAT0800000008860B,1.96,41.27,2,1
ESCAT0800000008870D,MC_ESCAT0800000008870D,Sitges (Barcelona),1.8,41.24,15,1,1,0,smoke,MC_ESCAT0800000008870D,1.8,41.24,15,1
ESCAT0800000008870E,MC_ESCAT0800000008870E,Sitges (Barcelona),1.81,41.24,25,1,1,0,smoke,MC_ESCAT0800000008870E,1.81,41.24,25,1
ESCAT0800000008901D,MC_ESCAT0800000008901D,L'Hospitalet de Llobregat (Barcelona),2.1,41.36,20,1,1,0,smoke,MC_ESCAT0800000008901D,2.1,41.36,20,1
ESCAT0800000008903D,MC_ESCAT0800000008903D,Sant Boi - C. Cooperativa (Barcelona),2.03,41.36,41,1,1,0,smoke,MC_ESCAT0800000008903D,2.03,41.36,41,1
ESCAT0800000008911C,MC_ESCAT0800000008911C,Badalona - Dalt la Vila (Barcelona),2.26,41.46,37,1,1,0,smoke,MC_ESCAT0800000008911C,2.26,41.46,37,1
ESCAT0800000008912A,MC_ESCAT0800000008912A,Badalona - Centre (Barcelona),2.25,41.45,30,1,1,0,smoke,MC_ESCAT0800000008912A,2.25,41.45,30,1
ESCAT0800000008912B,MC_ESCAT0800000008912B,Badalona - Progres (Barcelona),2.24,41.45,27,1,1,0,smoke,MC_ESCAT0800000008912B,2.24,41.45,27,1
ESCAT0800000008913B,MC_ESCAT0800000008913B,Badalona- S.Antoni Llefià (Barcelona),2.22,41.44,35,1,1,0,smoke,MC_ESCAT0800000008913B,2.22,41.44,35,1
ESCAT0800000008915A,MC_ESCAT0800000008915A,Badalona - Bufalà (Barcelona),2.24,41.46,65,1,1,0,smoke,MC_ESCAT0800000008915A,2.24,41.46,65,1
ESCAT0800000008915C,MC_ESCAT0800000008915C,Badalona - BCIN (Barcelona),2.26,41.46,81,1,1,0,smoke,MC_ESCAT0800000008915C,2.26,41.46,81,1
ESCAT0800000008935A,MC_ESCAT0800000008935A,Sant Esteve Sesrovires (Barcelona),1.87,41.49,190,1,1,0,smoke,MC_ESCAT0800000008935A,1.87,41.49,190,1
ESCAT0800000008940C,MC_ESCAT0800000008940C,Cornella de Llobregat (Barcelona),2.08,41.36,47,1,1,0,smoke,MC_ESCAT0800000008940C,2.08,41.36,47,1
ESCAT0800000008980A,MC_ESCAT0800000008980A,Sant Feliu de Llobregat (Barcelona),2.05,41.39,48,1,1,0,smoke,MC_ESCAT0800000008980A,2.05,41.39,48,1
ESCAT0800000008980C,MC_ESCAT0800000008980C,Sant Feliu Llob - Mestral (Barcelona),2.05,41.39,112,1,1,0,smoke,MC_ESCAT0800000008980C,2.05,41.39,112,1
ESCAT0800000008980D,MC_ESCAT0800000008980D,Sant Feliu deLlob.S.Josep (Barcelona),2.01,41.37,26,1,1,0,smoke,MC_ESCAT0800000008980D,2.01,41.37,26,1
ESCAT0800000025716A,MC_ESCAT0800000025716A,Pedraforca-PN CadíMoixeró (Barcelona),1.7,42.24,2270,1,1,0,smoke,MC_ESCAT0800000025716A,1.7,42.24,2270,1
ESCAT1700000017006A,MC_ESCAT1700000017006A,Girona - Marfà (Girona),2.81,41.98,72,1,1,0,smoke,MC_ESCAT1700000017006A,2.81,41.98,72,1
ESCAT1700000017007B,MC_ESCAT1700000017007B,Girona-Fontajau (Girona),2.82,41.99,76,1,1,0,smoke,MC_ESCAT1700000017007B,2.82,41.99,76,1
ESCAT1700000017100A,MC_ESCAT1700000017100A,La Bisbal d'Empordà - T (Girona),3.04,41.96,60,1,1,0,smoke,MC_ESCAT1700000017100A,3.04,41.96,60,1
ESCAT1700000017100B,MC_ESCAT1700000017100B,La Bisbal d'Empordà (Girona),3.04,41.95,44,1,1,0,smoke,MC_ESCAT1700000017100B,3.04,41.95,44,1
ESCAT1700000017100C,MC_ESCAT1700000017100C,La Bisbal d'Empordà LV (Girona),3.04,41.96,40,1,1,0,smoke,MC_ESCAT1700000017100C,3.04,41.96,40,1
ESCAT1700000017116A,MC_ESCAT1700000017116A,Gavarres - Puig d'Arques (Girona),3,41.89,475,1,1,0,smoke,MC_ESCAT1700000017116A,3,41.89,475,1
ESCAT1700000017130C,MC_ESCAT1700000017130C,L'Escala Closa d'en Llop (Girona),3.13,42.12,35,1,1,0,smoke,MC_ESCAT1700000017130C,3.13,42.12,35,1
ESCAT1700000017130F,MC_ESCAT1700000017130F,L'Escala - Riells Centre (Girona),3.14,42.11,4,1,1,0,smoke,MC_ESCAT1700000017130F,3.14,42.11,4,1
ESCAT1700000017141C,MC_ESCAT1700000017141C,Sobrestany (Girona),3.12,42.08,25,1,1,0,smoke,MC_ESCAT1700000017141C,3.12,42.08,25,1
ESCAT1700000017142A,MC_ESCAT1700000017142A,Verges (Girona),3.05,42.06,15,1,1,0,smoke,MC_ESCAT1700000017142A,3.05,42.06,15,1
ESCAT1700000017142C,MC_ESCAT1700000017142C,Verges Ponent (Girona),3.05,42.06,27,1,1,0,smoke,MC_ESCAT1700000017142C,3.05,42.06,27,1
ESCAT1700000017150A,MC_ESCAT1700000017150A,Sant Gregori (Girona),2.76,41.99,112,1,1,0,smoke,MC_ESCAT1700000017150A,2.76,41.99,112,1
ESCAT1700000017162A,MC_ESCAT1700000017162A,Bescanó (Girona),2.74,41.96,100,1,1,0,smoke,MC_ESCAT1700000017162A,2.74,41.96,100,1
ESCAT1700000017162C,MC_ESCAT1700000017162C,Montfullà (Girona),2.76,41.96,180,1,1,0,smoke,MC_ESCAT1700000017162C,2.76,41.96,180,1
ESCAT1700000017166E,MC_ESCAT1700000017166E,El Pasteral  (Girona),2.61,41.99,172,1,1,0,smoke,MC_ESCAT1700000017166E,2.61,41.99,172,1
ESCAT1700000017174A,MC_ESCAT1700000017174A,Sant Feliu de Pallerols (Girona),2.51,42.08,488,1,1,0,smoke,MC_ESCAT1700000017174A,2.51,42.08,488,1
ESCAT1700000017178B,MC_ESCAT1700000017178B,La Vall d'en Bas - Mallol (Girona),2.44,42.15,462,1,1,0,smoke,MC_ESCAT1700000017178B,2.44,42.15,462,1
ESCAT1700000017180A,MC_ESCAT1700000017180A,Vilablareix (Girona),2.79,41.95,107,1,1,0,smoke,MC_ESCAT1700000017180A,2.79,41.95,107,1
ESCAT1700000017190B,MC_ESCAT1700000017190B,Vilablareix - Centre (Girona),2.81,41.95,100,1,1,0,smoke,MC_ESCAT1700000017190B,2.81,41.95,100,1
ESCAT1700000017199A,MC_ESCAT1700000017199A,Canet d'Adri - Centre (Girona),2.74,42.03,225,1,1,0,smoke,MC_ESCAT1700000017199A,2.74,42.03,225,1
ESCAT1700000017199D,MC_ESCAT1700000017199D,Canet d'Adri- Can Vicens (Girona),2.75,42.04,190,1,1,0,smoke,MC_ESCAT1700000017199D,2.75,42.04,190,1
ESCAT1700000017200C,MC_ESCAT1700000017200C,Palafrugell (Girona),3.16,41.91,45,1,1,0,smoke,MC_ESCAT1700000017200C,3.16,41.91,45,1
ESCAT1700000017200H,MC_ESCAT1700000017200H,Palafrugell Joan Capri 93 (Girona),3.15,41.93,75,1,1,0,smoke,MC_ESCAT1700000017200H,3.15,41.93,75,1
ESCAT1700000017220B,MC_ESCAT1700000017220B,Sant Feliu de Guíxols (Girona),3.03,41.79,57,1,1,0,smoke,MC_ESCAT1700000017220B,3.03,41.79,57,1
ESCAT1700000017230C,MC_ESCAT1700000017230C,Palamós - Sant Joan (Girona),3.12,41.86,30,1,1,0,smoke,MC_ESCAT1700000017230C,3.12,41.86,30,1
ESCAT1700000017230D,MC_ESCAT1700000017230D,Palamós - La Fosca (Girona),3.14,41.86,20,1,1,0,smoke,MC_ESCAT1700000017230D,3.14,41.86,20,1
ESCAT1700000017230E,MC_ESCAT1700000017230E,Palamós (Girona),3.13,41.84,17,1,1,0,smoke,MC_ESCAT1700000017230E,3.13,41.84,17,1
ESCAT1700000017240C,MC_ESCAT1700000017240C,Llagostera - Panedes (Girona),2.92,41.84,140,1,1,0,smoke,MC_ESCAT1700000017240C,2.92,41.84,140,1
ESCAT1700000017240D,MC_ESCAT1700000017240D,Cadiretes - Selva Brava (Girona),2.92,41.77,200,1,1,0,smoke,MC_ESCAT1700000017240D,2.92,41.77,200,1
ESCAT1700000017240F,MC_ESCAT1700000017240F,Llagostera (Girona),2.9,41.83,131,1,1,0,smoke,MC_ESCAT1700000017240F,2.9,41.83,131,1
ESCAT1700000017240G,MC_ESCAT1700000017240G,Llagostera - Municipal (Girona),2.88,41.83,120,1,1,0,smoke,MC_ESCAT1700000017240G,2.88,41.83,120,1
ESCAT1700000017240H,MC_ESCAT1700000017240H,Llagostera - Cadiretes (Girona),2.93,41.76,505,1,1,0,smoke,MC_ESCAT1700000017240H,2.93,41.76,505,1
ESCAT1700000017250A,MC_ESCAT1700000017250A,Platja d'Aro - ISCB (Girona),3.06,41.82,65,1,1,0,smoke,MC_ESCAT1700000017250A,3.06,41.82,65,1
ESCAT1700000017251B,MC_ESCAT1700000017251B,Calonge (Girona),3.08,41.86,16,1,1,0,smoke,MC_ESCAT1700000017251B,3.08,41.86,16,1
ESCAT1700000017252A,MC_ESCAT1700000017252A,Calonge i Sant Antoni (Girona),3.1,41.87,33,1,1,0,smoke,MC_ESCAT1700000017252A,3.1,41.87,33,1
ESCAT1700000017257C,MC_ESCAT1700000017257C,Torroella de Montgrí-Ajt. (Girona),3.13,42.04,29,1,1,0,smoke,MC_ESCAT1700000017257C,3.13,42.04,29,1
ESCAT1700000017258C,MC_ESCAT1700000017258C,L'Estartit - Roca Maura (Girona),3.19,42.06,221,1,1,0,smoke,MC_ESCAT1700000017258C,3.19,42.06,221,1
ESCAT1700000017310A,MC_ESCAT1700000017310A,Lloret de Mar - Platja (Girona),2.85,41.7,4,1,1,0,smoke,MC_ESCAT1700000017310A,2.85,41.7,4,1
ESCAT1700000017310B,MC_ESCAT1700000017310B,Lloret de Mar-Fenals (Girona),2.82,41.7,20,1,1,0,smoke,MC_ESCAT1700000017310B,2.82,41.7,20,1
ESCAT1700000017400A,MC_ESCAT1700000017400A,Breda (Girona),2.56,41.75,165,1,1,0,smoke,MC_ESCAT1700000017400A,2.56,41.75,165,1
ESCAT1700000017405A,MC_ESCAT1700000017405A,Espinelves (Girona),2.42,41.87,750,1,1,0,smoke,MC_ESCAT1700000017405A,2.42,41.87,750,1
ESCAT1700000017410B,MC_ESCAT1700000017410B,Sils - MYC5 (Girona),2.77,41.8,88,1,1,0,smoke,MC_ESCAT1700000017410B,2.77,41.8,88,1
ESCAT1700000017411A,MC_ESCAT1700000017411A,Vidreres (Girona),2.78,41.79,98,1,1,0,smoke,MC_ESCAT1700000017411A,2.78,41.79,98,1
ESCAT1700000017421A,MC_ESCAT1700000017421A,Riudarenes-Cultius Brugat (Girona),2.71,41.84,96,1,1,0,smoke,MC_ESCAT1700000017421A,2.71,41.84,96,1
ESCAT1700000017451A,MC_ESCAT1700000017451A,Grions - Can Puigmari (Girona),2.61,41.76,143,1,1,0,smoke,MC_ESCAT1700000017451A,2.61,41.76,143,1
ESCAT1700000017451B,MC_ESCAT1700000017451B,Riells - Cultius Ponç (Girona),2.57,41.73,80,1,1,0,smoke,MC_ESCAT1700000017451B,2.57,41.73,80,1
ESCAT1700000017451C,MC_ESCAT1700000017451C,Grions (Girona),2.62,41.76,83,1,1,0,smoke,MC_ESCAT1700000017451C,2.62,41.76,83,1
ESCAT1700000017452A,MC_ESCAT1700000017452A,Massanes - Barri Marques (Girona),2.65,41.75,58,1,1,0,smoke,MC_ESCAT1700000017452A,2.65,41.75,58,1
ESCAT1700000017455A,MC_ESCAT1700000017455A,Caldes - Can Carbonell (Girona),2.85,41.8,165,1,1,0,smoke,MC_ESCAT1700000017455A,2.85,41.8,165,1
ESCAT1700000017455B,MC_ESCAT1700000017455B,Caldes - Can Gimferrer (Girona),2.77,41.83,100,1,1,0,smoke,MC_ESCAT1700000017455B,2.77,41.83,100,1
ESCAT1700000017455C,MC_ESCAT1700000017455C,Caldes - Mas Carbonell (Girona),2.86,41.79,175,1,1,0,smoke,MC_ESCAT1700000017455C,2.86,41.79,175,1
ESCAT1700000017455D,MC_ESCAT1700000017455D,Caldes - Can Solà Gros (Girona),2.81,41.86,115,1,1,0,smoke,MC_ESCAT1700000017455D,2.81,41.86,115,1
ESCAT1700000017457B,MC_ESCAT1700000017457B,Riudellots - Can Jordi  (Girona),2.78,41.9,137,1,1,0,smoke,MC_ESCAT1700000017457B,2.78,41.9,137,1
ESCAT1700000017460B,MC_ESCAT1700000017460B,Celrà (Girona),2.88,42.02,71,1,1,0,smoke,MC_ESCAT1700000017460B,2.88,42.02,71,1
ESCAT1700000017462B,MC_ESCAT1700000017462B,Bordils - Cultius MasCuní (Girona),2.9,42.04,44,1,1,0,smoke,MC_ESCAT1700000017462B,2.9,42.04,44,1
ESCAT1700000017466A,MC_ESCAT1700000017466A,Les Olives (Girona),3.02,42.11,88,1,1,0,smoke,MC_ESCAT1700000017466A,3.02,42.11,88,1
ESCAT1700000017467A,MC_ESCAT1700000017467A,Sant Mori (Girona),2.99,42.16,51,1,1,0,smoke,MC_ESCAT1700000017467A,2.99,42.16,51,1
ESCAT1700000017475A,MC_ESCAT1700000017475A,Sant Miquel de Fluvià (Girona),2.99,42.18,28,1,1,0,smoke,MC_ESCAT1700000017475A,2.99,42.18,28,1
ESCAT1700000017480A,MC_ESCAT1700000017480A,Roses (Girona),3.18,42.27,12,1,1,0,smoke,MC_ESCAT1700000017480A,3.18,42.27,12,1
ESCAT1700000017482A,MC_ESCAT1700000017482A,Medinyà (Girona),2.86,42.05,52,1,1,0,smoke,MC_ESCAT1700000017482A,2.86,42.05,52,1
ESCAT1700000017490B,MC_ESCAT1700000017490B,Valleta (Girona),3.11,42.35,65,1,1,0,smoke,MC_ESCAT1700000017490B,3.11,42.35,65,1
ESCAT1700000017490E,MC_ESCAT1700000017490E,Llançà  (Girona),3.15,42.39,104,1,1,0,smoke,MC_ESCAT1700000017490E,3.15,42.39,104,1
ESCAT1700000017527A,MC_ESCAT1700000017527A,Cereja (Girona),1.97,42.48,1334,1,1,0,smoke,MC_ESCAT1700000017527A,1.97,42.48,1334,1
ESCAT1700000017530B,MC_ESCAT1700000017530B,Campdevànol - Escola (Girona),2.17,42.23,730,1,1,0,smoke,MC_ESCAT1700000017530B,2.17,42.23,730,1
ESCAT1700000017530C,MC_ESCAT1700000017530C,Campdevànol- Vista Alegre (Girona),2.16,42.23,780,1,1,0,smoke,MC_ESCAT1700000017530C,2.16,42.23,780,1
ESCAT1700000017531A,MC_ESCAT1700000017531A,Gombrèn (Girona),2.09,42.25,915,1,1,0,smoke,MC_ESCAT1700000017531A,2.09,42.25,915,1
ESCAT1700000017534E,MC_ESCAT1700000017534E,Queralbs - Coma de Vaca (Girona),2.22,42.39,2010,1,1,0,smoke,MC_ESCAT1700000017534E,2.22,42.39,2010,1
ESCAT1700000017535C,MC_ESCAT1700000017535C,Planoles - Càmping (Girona),2.1,42.32,1260,1,1,0,smoke,MC_ESCAT1700000017535C,2.1,42.32,1260,1
ESCAT1700000017537A,MC_ESCAT1700000017537A,La Molina (Girona),1.94,42.34,1650,1,1,0,smoke,MC_ESCAT1700000017537A,1.94,42.34,1650,1
ESCAT1700000017538A,MC_ESCAT1700000017538A,Das (Girona),1.87,42.36,1201,1,1,0,smoke,MC_ESCAT1700000017538A,1.87,42.36,1201,1
ESCAT1700000017538B,MC_ESCAT1700000017538B,Queixans - La Cerdanya (Girona),1.92,42.4,1124,1,1,0,smoke,MC_ESCAT1700000017538B,1.92,42.4,1124,1
ESCAT1700000017539A,MC_ESCAT1700000017539A,Bolvir (Girona),1.89,42.42,1145,1,1,0,smoke,MC_ESCAT1700000017539A,1.89,42.42,1145,1
ESCAT1700000017539B,MC_ESCAT1700000017539B,Ger (Girona),1.85,42.41,1134,1,1,0,smoke,MC_ESCAT1700000017539B,1.85,42.41,1134,1
ESCAT1700000017600A,MC_ESCAT1700000017600A,Figueres - Nord (Girona),2.96,42.27,45,1,1,0,smoke,MC_ESCAT1700000017600A,2.96,42.27,45,1
ESCAT1700000017600B,MC_ESCAT1700000017600B,Figueres - La Cate (Girona),2.96,42.27,65,1,1,0,smoke,MC_ESCAT1700000017600B,2.96,42.27,65,1
ESCAT1700000017700A,MC_ESCAT1700000017700A,La Jonquera (Girona),2.87,42.42,112,1,1,0,smoke,MC_ESCAT1700000017700A,2.87,42.42,112,1
ESCAT1700000017700B,MC_ESCAT1700000017700B,La Jonquera (centre Vila) (Girona),2.87,42.42,112,1,1,0,smoke,MC_ESCAT1700000017700B,2.87,42.42,112,1
ESCAT1700000017707A,MC_ESCAT1700000017707A,Agullana  (Girona),2.85,42.39,170,1,1,0,smoke,MC_ESCAT1700000017707A,2.85,42.39,170,1
ESCAT1700000017722A,MC_ESCAT1700000017722A,Darnius (Girona),2.83,42.37,198,1,1,0,smoke,MC_ESCAT1700000017722A,2.83,42.37,198,1
ESCAT1700000017730A,MC_ESCAT1700000017730A,Llers (Girona),2.91,42.29,164,1,1,0,smoke,MC_ESCAT1700000017730A,2.91,42.29,164,1
ESCAT1700000017733B,MC_ESCAT1700000017733B,Albanyà - Can Rossinyol (Girona),2.72,42.3,239,1,1,0,smoke,MC_ESCAT1700000017733B,2.72,42.3,239,1
ESCAT1700000017751A,MC_ESCAT1700000017751A,Sant Climent Sescebes (Girona),2.98,42.37,82,1,1,0,smoke,MC_ESCAT1700000017751A,2.98,42.37,82,1
ESCAT1700000017770B,MC_ESCAT1700000017770B,Borrassà (Girona),2.93,42.22,73,1,1,0,smoke,MC_ESCAT1700000017770B,2.93,42.22,73,1
ESCAT1700000017800B,MC_ESCAT1700000017800B,Olot-SPM (Girona),2.48,42.18,489,1,1,0,smoke,MC_ESCAT1700000017800B,2.48,42.18,489,1
ESCAT1700000017800D,MC_ESCAT1700000017800D,Olot - Costa del Gegant (Girona),2.5,42.17,509,1,1,0,smoke,MC_ESCAT1700000017800D,2.5,42.17,509,1
ESCAT1700000017820B,MC_ESCAT1700000017820B,Banyoles - INS el Pla (Girona),2.77,42.11,170,1,1,0,smoke,MC_ESCAT1700000017820B,2.77,42.11,170,1
ESCAT1700000017830A,MC_ESCAT1700000017830A,Mieres (Girona),2.64,42.13,286,1,1,0,smoke,MC_ESCAT1700000017830A,2.64,42.13,286,1
ESCAT1700000017846B,MC_ESCAT1700000017846B,Porqueres (Mata) (Girona),2.78,42.1,140,1,1,0,smoke,MC_ESCAT1700000017846B,2.78,42.1,140,1
ESCAT1700000017856A,MC_ESCAT1700000017856A,Castellfollit de la Roca (Girona),2.55,42.22,325,1,1,0,smoke,MC_ESCAT1700000017856A,2.55,42.22,325,1
ESCAT2500000025177A,MC_ESCAT2500000025177A,La Granadella (Lleida),0.67,41.35,528,1,1,0,smoke,MC_ESCAT2500000025177A,0.67,41.35,528,1
ESCAT2500000025199A,MC_ESCAT2500000025199A,Lleida - Ciutat Jardí (Lleida),0.58,41.63,207,1,1,0,smoke,MC_ESCAT2500000025199A,0.58,41.63,207,1
ESCAT2500000025199B,MC_ESCAT2500000025199B,Lleida-Ciutat Jardí Pro2 (Lleida),0.59,41.63,209,1,1,0,smoke,MC_ESCAT2500000025199B,0.59,41.63,209,1
ESCAT2500000025284E,MC_ESCAT2500000025284E,Port del Comte 6Q3R (Lleida),1.57,42.18,1788,1,1,0,smoke,MC_ESCAT2500000025284E,1.57,42.18,1788,1
ESCAT2500000025316A,MC_ESCAT2500000025316A,Pradell de Sió (Lleida),1.03,41.8,316,1,1,0,smoke,MC_ESCAT2500000025316A,1.03,41.8,316,1
ESCAT2500000025334B,MC_ESCAT2500000025334B,Castellserà (Lleida),0.99,41.74,265,1,1,0,smoke,MC_ESCAT2500000025334B,0.99,41.74,265,1
ESCAT2500000025400A,MC_ESCAT2500000025400A,Les Borges Blanques (Lleida),0.88,41.52,310,1,1,0,smoke,MC_ESCAT2500000025400A,0.88,41.52,310,1
ESCAT2500000025412A,MC_ESCAT2500000025412A,Els Omellons (Lleida),0.96,41.5,410,1,1,0,smoke,MC_ESCAT2500000025412A,0.96,41.5,410,1
ESCAT2500000025412C,MC_ESCAT2500000025412C,Els Omellons (Lleida),0.96,41.5,410,1,1,0,smoke,MC_ESCAT2500000025412C,0.96,41.5,410,1
ESCAT2500000025450A,MC_ESCAT2500000025450A,L'Albi (Lleida),0.94,41.43,530,1,1,0,smoke,MC_ESCAT2500000025450A,0.94,41.43,530,1
ESCAT2500000025460B,MC_ESCAT2500000025460B,Cervià de les Garrigues (Lleida),0.86,41.42,444,1,1,0,smoke,MC_ESCAT2500000025460B,0.86,41.42,444,1
ESCAT2500000025515A,MC_ESCAT2500000025515A,La Torre de Cabdella  (Lleida),0.99,42.47,1425,1,1,0,smoke,MC_ESCAT2500000025515A,0.99,42.47,1425,1
ESCAT2500000025518A,MC_ESCAT2500000025518A,Sant Martí de Canals (Lleida),0.99,42.23,650,1,1,0,smoke,MC_ESCAT2500000025518A,0.99,42.23,650,1
ESCAT2500000025527A,MC_ESCAT2500000025527A,Barruera (Lleida),0.8,42.5,1090,1,1,0,smoke,MC_ESCAT2500000025527A,0.8,42.5,1090,1
ESCAT2500000025530A,MC_ESCAT2500000025530A,Betren (Vielha e Mijaran) (Lleida),0.8,42.7,980,1,1,0,smoke,MC_ESCAT2500000025530A,0.8,42.7,980,1
ESCAT2500000025552A,MC_ESCAT2500000025552A,Vilaller - Txambonet (Lleida),0.72,42.48,980,1,1,0,smoke,MC_ESCAT2500000025552A,0.72,42.48,980,1
ESCAT2500000025566A,MC_ESCAT2500000025566A,Rubió (Lleida),1.22,42.38,1714,1,1,0,smoke,MC_ESCAT2500000025566A,1.22,42.38,1714,1
ESCAT2500000025600A,MC_ESCAT2500000025600A,Balaguer (Lleida),0.81,41.79,235,1,1,0,smoke,MC_ESCAT2500000025600A,0.81,41.79,235,1
ESCAT2500000025654B,MC_ESCAT2500000025654B,Suterranya (Lleida),0.95,42.15,561,1,1,0,smoke,MC_ESCAT2500000025654B,0.95,42.15,561,1
ESCAT2500000025655B,MC_ESCAT2500000025655B,Figuerola d'Orcau (Lleida),1,42.13,550,1,1,0,smoke,MC_ESCAT2500000025655B,1,42.13,550,1
ESCAT2500000025716A,MC_ESCAT2500000025716A,Gósol (Lleida),1.66,42.24,1445,1,1,0,smoke,MC_ESCAT2500000025716A,1.66,42.24,1445,1
ESCAT2500000025720A,MC_ESCAT2500000025720A,Sta Magdalena de Serinyà (Lleida),1.77,42.34,1230,1,1,0,smoke,MC_ESCAT2500000025720A,1.77,42.34,1230,1
ESCAT2500000025720B,MC_ESCAT2500000025720B,Bellver de Cerdanya (Lleida),1.77,42.36,1080,1,1,0,smoke,MC_ESCAT2500000025720B,1.77,42.36,1080,1
ESCAT2500000025730C,MC_ESCAT2500000025730C,Artesa de Segre (Lleida),1.04,41.89,330,1,1,0,smoke,MC_ESCAT2500000025730C,1.04,41.89,330,1
ESCAT2500000025793A,MC_ESCAT2500000025793A,Coll de Nargó (Lleida),1.32,42.17,575,1,1,0,smoke,MC_ESCAT2500000025793A,1.32,42.17,575,1
ESCAT2500000025794A,MC_ESCAT2500000025794A,Fígols i Alinyà-Canelles (Lleida),1.36,42.18,600,1,1,0,smoke,MC_ESCAT2500000025794A,1.36,42.18,600,1
ESCAT4300000043003B,MC_ESCAT4300000043003B,Tarragona-Fortí St.Jordi (Tarragona),1.27,41.12,35,1,1,0,smoke,MC_ESCAT4300000043003B,1.27,41.12,35,1
ESCAT4300000043120A,MC_ESCAT4300000043120A,Constantí (Tarragona),1.21,41.15,87,1,1,0,smoke,MC_ESCAT4300000043120A,1.21,41.15,87,1
ESCAT4300000043144A,MC_ESCAT4300000043144A,Vallmoll (Tarragona),1.25,41.26,205,1,1,0,smoke,MC_ESCAT4300000043144A,1.25,41.26,205,1
ESCAT4300000043151C,MC_ESCAT4300000043151C,Els Pallaresos (Tarragona),1.27,41.18,125,1,1,0,smoke,MC_ESCAT4300000043151C,1.27,41.18,125,1
ESCAT4300000043201A,MC_ESCAT4300000043201A,Reus - Centre (Tarragona),1.11,41.15,147,1,1,0,smoke,MC_ESCAT4300000043201A,1.11,41.15,147,1
ESCAT4300000043201C,MC_ESCAT4300000043201C,Reus - Carme (Tarragona),1.11,41.15,136,1,1,0,smoke,MC_ESCAT4300000043201C,1.11,41.15,136,1
ESCAT4300000043202C,MC_ESCAT4300000043202C,Reus - Boca de la Mina (Tarragona),1.09,41.16,151,1,1,0,smoke,MC_ESCAT4300000043202C,1.09,41.16,151,1
ESCAT4300000043204C,MC_ESCAT4300000043204C,Reus - Mas Abelló (Tarragona),1.12,41.15,113,1,1,0,smoke,MC_ESCAT4300000043204C,1.12,41.15,113,1
ESCAT4300000043205A,MC_ESCAT4300000043205A,Reus - Antic Velòdrom (Tarragona),1.1,41.15,106,1,1,0,smoke,MC_ESCAT4300000043205A,1.1,41.15,106,1
ESCAT4300000043206A,MC_ESCAT4300000043206A,Reus - Piscines Municipal (Tarragona),1.09,41.15,135,1,1,0,smoke,MC_ESCAT4300000043206A,1.09,41.15,135,1
ESCAT4300000043206B,MC_ESCAT4300000043206B,Reus - Nord (Tarragona),1.11,41.17,150,1,1,0,smoke,MC_ESCAT4300000043206B,1.11,41.17,150,1
ESCAT4300000043330A,MC_ESCAT4300000043330A,Riudoms (Tarragona),1.05,41.14,130,1,1,0,smoke,MC_ESCAT4300000043330A,1.05,41.14,130,1
ESCAT4300000043330E,MC_ESCAT4300000043330E,Riudoms - Camí St Pau (Tarragona),1.05,41.14,161,1,1,0,smoke,MC_ESCAT4300000043330E,1.05,41.14,161,1
ESCAT4300000043360B,MC_ESCAT4300000043360B,Cornudella de Montsant (Tarragona),0.91,41.27,533,1,1,0,smoke,MC_ESCAT4300000043360B,0.91,41.27,533,1
ESCAT4300000043360C,MC_ESCAT4300000043360C,Cornudella IE Corbatera (Tarragona),0.9,41.26,533,1,1,0,smoke,MC_ESCAT4300000043360C,0.9,41.26,533,1
ESCAT4300000043364A,MC_ESCAT4300000043364A,Prades - Xalet Calderón (Tarragona),0.99,41.31,950,1,1,0,smoke,MC_ESCAT4300000043364A,0.99,41.31,950,1
ESCAT4300000043373A,MC_ESCAT4300000043373A,Cabassers (Tarragona),0.75,41.25,606,1,1,0,smoke,MC_ESCAT4300000043373A,0.75,41.25,606,1
ESCAT4300000043374A,MC_ESCAT4300000043374A,La Vilella Baixa (Tarragona),0.76,41.22,240,1,1,0,smoke,MC_ESCAT4300000043374A,0.76,41.22,240,1
ESCAT4300000043393C,MC_ESCAT4300000043393C,Almoster - Sud (Tarragona),1.11,41.19,255,1,1,0,smoke,MC_ESCAT4300000043393C,1.11,41.19,255,1
ESCAT4300000043393E,MC_ESCAT4300000043393E,Almoster - Picarany (Tarragona),1.1,41.2,348,1,1,0,smoke,MC_ESCAT4300000043393E,1.1,41.2,348,1
ESCAT4300000043400B,MC_ESCAT4300000043400B,Montblanc (Tarragona),1.16,41.37,348,1,1,0,smoke,MC_ESCAT4300000043400B,1.16,41.37,348,1
ESCAT4300000043413A,MC_ESCAT4300000043413A,Belltall (Tarragona),1.19,41.59,780,1,1,0,smoke,MC_ESCAT4300000043413A,1.19,41.59,780,1
ESCAT4300000043427A,MC_ESCAT4300000043427A,Conesa (Tarragona),1.29,41.52,705,1,1,0,smoke,MC_ESCAT4300000043427A,1.29,41.52,705,1
ESCAT4300000043470A,MC_ESCAT4300000043470A,La Selva del Camp (INS) (Tarragona),1.13,41.21,259,1,1,0,smoke,MC_ESCAT4300000043470A,1.13,41.21,259,1
ESCAT4300000043540A,MC_ESCAT4300000043540A,La Rápita (Tarragona),0.59,40.62,65,1,1,0,smoke,MC_ESCAT4300000043540A,0.59,40.62,65,1
ESCAT4300000043550A,MC_ESCAT4300000043550A,Ulldecona - Pou Jua (Tarragona),0.4,40.62,175,1,1,0,smoke,MC_ESCAT4300000043550A,0.4,40.62,175,1
ESCAT4300000043559A,MC_ESCAT4300000043559A,Ulldecona-S. Joan del Pas (Tarragona),0.38,40.61,205,1,1,0,smoke,MC_ESCAT4300000043559A,0.38,40.61,205,1
ESCAT4300000043560A,MC_ESCAT4300000043560A,La Sénia (Tarragona),0.28,40.64,370,1,1,0,smoke,MC_ESCAT4300000043560A,0.28,40.64,370,1
ESCAT4300000043560B,MC_ESCAT4300000043560B,La Sénia - Boveral (Tarragona),0.29,40.65,430,1,1,0,smoke,MC_ESCAT4300000043560B,0.29,40.65,430,1
ESCAT4300000043560C,MC_ESCAT4300000043560C,La Sénia - Font Ferrera (Tarragona),0.2,40.73,1157,1,1,0,smoke,MC_ESCAT4300000043560C,0.2,40.73,1157,1
ESCAT4300000043711A,MC_ESCAT4300000043711A,Banyeres del Penedès (Tarragona),1.58,41.28,150,1,1,0,smoke,MC_ESCAT4300000043711A,1.58,41.28,150,1
ESCAT4300000043714A,MC_ESCAT4300000043714A,Pla de Manlleu  (Tarragona),1.5,41.37,480,1,1,0,smoke,MC_ESCAT4300000043714A,1.5,41.37,480,1
ESCAT4300000043715A,MC_ESCAT4300000043715A,Bonany-Cal Pau(Querol) (Tarragona),1.47,41.39,606,1,1,0,smoke,MC_ESCAT4300000043715A,1.47,41.39,606,1
ESCAT4300000043719A,MC_ESCAT4300000043719A,Bellvei (Tarragona),1.58,41.24,107,1,1,0,smoke,MC_ESCAT4300000043719A,1.58,41.24,107,1
ESCAT4300000043719B,MC_ESCAT4300000043719B,Bellvei - Baronia de Mar (Tarragona),1.56,41.21,120,1,1,0,smoke,MC_ESCAT4300000043719B,1.56,41.21,120,1
ESCAT4300000043720D,MC_ESCAT4300000043720D,L'Arboç  (Tarragona),1.61,41.28,166,1,1,0,smoke,MC_ESCAT4300000043720D,1.61,41.28,166,1
ESCAT4300000043720F,MC_ESCAT4300000043720F,L'Arboç Can Suriol (Tarragona),1.59,41.27,135,1,1,0,smoke,MC_ESCAT4300000043720F,1.59,41.27,135,1
ESCAT4300000043730C,MC_ESCAT4300000043730C,Falset (Tarragona),0.83,41.15,370,1,1,0,smoke,MC_ESCAT4300000043730C,0.83,41.15,370,1
ESCAT4300000043730D,MC_ESCAT4300000043730D,Falset - Les Torres (Tarragona),0.84,41.14,570,1,1,0,smoke,MC_ESCAT4300000043730D,0.84,41.14,570,1
ESCAT4300000043730F,MC_ESCAT4300000043730F,Falset - les Esplanes (Tarragona),0.8,41.15,320,1,1,0,smoke,MC_ESCAT4300000043730F,0.8,41.15,320,1
ESCAT4300000043730G,MC_ESCAT4300000043730G,Falset - els Masos (Tarragona),0.83,41.17,375,1,1,0,smoke,MC_ESCAT4300000043730G,0.83,41.17,375,1
ESCAT4300000043746D,MC_ESCAT4300000043746D,Darmós  (Tarragona) (Tarragona),0.75,41.07,185,1,1,0,smoke,MC_ESCAT4300000043746D,0.75,41.07,185,1
ESCAT4300000043764A,MC_ESCAT4300000043764A,El Catllar (Tarragona),1.33,41.18,55,1,1,0,smoke,MC_ESCAT4300000043764A,1.33,41.18,55,1
ESCAT4300000043777B,MC_ESCAT4300000043777B,Els Guiamets (Tarragona),0.75,41.1,230,1,1,0,smoke,MC_ESCAT4300000043777B,0.75,41.1,230,1
ESCAT4300000043792A,MC_ESCAT4300000043792A,Vinebre (Tarragona),0.59,41.18,39,1,1,0,smoke,MC_ESCAT4300000043792A,0.59,41.18,39,1
ESCAT4300000043816B,MC_ESCAT4300000043816B,Querol (poble) (Tarragona),1.4,41.42,560,1,1,0,smoke,MC_ESCAT4300000043816B,1.4,41.42,560,1
ESCAT4300000043830A,MC_ESCAT4300000043830A,Torredembarra - C/Pandols (Tarragona),1.4,41.14,5,1,1,0,smoke,MC_ESCAT4300000043830A,1.4,41.14,5,1
ESCAT4300000043839A,MC_ESCAT4300000043839A,creixell (Tarragona),1.43,41.16,59,1,1,0,smoke,MC_ESCAT4300000043839A,1.43,41.16,59,1
ESCAT4300000043840A,MC_ESCAT4300000043840A,Salou - Barenys (Tarragona),1.13,41.08,33,1,1,0,smoke,MC_ESCAT4300000043840A,1.13,41.08,33,1
ESCAT4300000043850E,MC_ESCAT4300000043850E,Cambrils l'Eixample (Tarragona),1.05,41.07,35,1,1,0,smoke,MC_ESCAT4300000043850E,1.05,41.07,35,1
ESCAT4300000043880B,MC_ESCAT4300000043880B,Coma-ruga (El Vendrell) (Tarragona),1.52,41.18,4,1,1,0,smoke,MC_ESCAT4300000043880B,1.52,41.18,4,1
ESCAT4300000043884B,MC_ESCAT4300000043884B,Les Moreres - Bonastre (Tarragona),1.44,41.22,187,1,1,0,smoke,MC_ESCAT4300000043884B,1.44,41.22,187,1
ESCAT4300000043890A,MC_ESCAT4300000043890A,Hosp.de l'Infant - Centre (Tarragona),0.92,40.99,42,1,1,0,smoke,MC_ESCAT4300000043890A,0.92,40.99,42,1
ESCAT4300000043890C,MC_ESCAT4300000043890C,Hosp.Infant(Camí Porrasa) (Tarragona),0.91,41.01,68,1,1,0,smoke,MC_ESCAT4300000043890C,0.91,41.01,68,1
